actual_price,predicted_price,error,absolute_error
377.16,359.7091542288557,-17.450845771144316,17.450845771144316
1452.43,1529.4646031746036,77.03460317460349,77.03460317460349
305.33,327.93673678226236,22.606736782262374,22.606736782262374
351.03,327.93673678226236,-23.093263217737615,23.093263217737615
653.59,680.6578082191782,27.06780821917812,27.06780821917812
1285.1,1291.8594845360826,6.759484536082709,6.759484536082709
363.14,409.72390624999963,46.58390624999964,46.58390624999964
513.77,494.9436023054754,-18.826397694524587,18.826397694524587
686.38,612.7175714285714,-73.66242857142856,73.66242857142856
614.89,612.7175714285714,-2.1724285714285543,2.1724285714285543
396.7,327.93673678226236,-68.76326321773763,68.76326321773763
205.7,213.12350515463913,7.423505154639145,7.423505154639145
604.86,567.8016379310343,-37.05836206896572,37.05836206896572
244.28,228.09388601036278,-16.18611398963722,16.18611398963722
378.47,359.7091542288557,-18.760845771144318,18.760845771144318
281.13,327.93673678226236,46.80673678226236,46.80673678226236
143.52,150.52294372294378,7.002943722943769,7.002943722943769
274.87,327.93673678226236,53.06673678226235,53.06673678226235
320.71,327.93673678226236,7.226736782262378,7.226736782262378
847.89,845.1543200000001,-2.7356799999998884,2.7356799999998884
607.26,680.6578082191782,73.39780821917816,73.39780821917816
328.45,327.93673678226236,-0.5132632177376308,0.5132632177376308
361.89,327.93673678226236,-33.95326321773763,33.95326321773763
503.79,515.8394273127752,12.049427312775208,12.049427312775208
252.77,213.12350515463913,-39.64649484536088,39.64649484536088
450.6,444.9838309859156,-5.6161690140844485,5.6161690140844485
1441.11,1340.9816494845363,-100.12835051546358,100.12835051546358
128.12,213.12350515463913,85.00350515463913,85.00350515463913
985.7,1029.0572463768117,43.357246376811645,43.357246376811645
1375.73,1340.9816494845363,-34.7483505154637,34.7483505154637
301.25,327.93673678226236,26.686736782262358,26.686736782262358
352.22,359.7091542288557,7.489154228855682,7.489154228855682
1333.45,1340.9816494845363,7.531649484536274,7.531649484536274
671.93,738.588116591928,66.65811659192809,66.65811659192809
346.9,444.9838309859156,98.0838309859156,98.0838309859156
1253.57,1164.4222905027937,-89.14770949720628,89.14770949720628
183.44,103.37525806451639,-80.06474193548361,80.06474193548361
479.77,359.7091542288557,-120.06084577114427,120.06084577114427
264.11,228.09388601036278,-36.01611398963723,36.01611398963723
383.14,444.9838309859156,61.84383098591559,61.84383098591559
296.51,327.93673678226236,31.426736782262367,31.426736782262367
834.66,781.9848087431695,-52.67519125683043,52.67519125683043
320.83,327.93673678226236,7.106736782262374,7.106736782262374
265.04,213.12350515463913,-51.91649484536089,51.91649484536089
371.67,327.93673678226236,-43.73326321773766,43.73326321773766
619.85,612.7175714285714,-7.132428571428591,7.132428571428591
345.21,327.93673678226236,-17.27326321773762,17.27326321773762
315.18,327.93673678226236,12.756736782262351,12.756736782262351
1198.11,1224.1342156862747,26.02421568627483,26.02421568627483
417.23,444.9838309859156,27.753830985915556,27.753830985915556
359.59,409.72390624999963,50.133906249999654,50.133906249999654
311.49,409.72390624999963,98.23390624999962,98.23390624999962
567.49,567.8016379310343,0.3116379310342836,0.3116379310342836
263.44,207.02494505494516,-56.415054945054834,56.415054945054834
296.84,327.93673678226236,31.096736782262383,31.096736782262383
823.77,886.0993953488371,62.329395348837124,62.329395348837124
287.14,327.93673678226236,40.79673678226237,40.79673678226237
735.51,677.6855932203392,-57.82440677966076,57.82440677966076
1044.28,1073.1964705882356,28.916470588235597,28.916470588235597
126.62,213.12350515463913,86.50350515463913,86.50350515463913
169.84,207.02494505494516,37.18494505494516,37.18494505494516
686.8,677.6855932203392,-9.114406779660726,9.114406779660726
155.01,239.16341379310356,84.15341379310357,84.15341379310357
602.86,612.7175714285714,9.857571428571418,9.857571428571418
377.68,327.93673678226236,-49.74326321773765,49.74326321773765
334.58,327.93673678226236,-6.643263217737626,6.643263217737626
1400.6,1340.9816494845363,-59.61835051546359,59.61835051546359
496.95,515.8394273127752,18.88942731277524,18.88942731277524
270.55,327.93673678226236,57.386736782262346,57.386736782262346
1248.12,1224.1342156862747,-23.985784313725162,23.985784313725162
824.7,886.0993953488371,61.39939534883706,61.39939534883706
314.87,327.93673678226236,13.066736782262353,13.066736782262353
242.36,327.93673678226236,85.57673678226234,85.57673678226234
295.57,327.93673678226236,32.366736782262365,32.366736782262365
67.06,103.37525806451639,36.315258064516385,36.315258064516385
150.96,150.52294372294378,-0.43705627705622874,0.43705627705622874
285.91,327.93673678226236,42.02673678226233,42.02673678226233
685.55,677.6855932203392,-7.864406779660726,7.864406779660726
720.07,677.6855932203392,-42.38440677966082,42.38440677966082
837.73,781.9848087431695,-55.74519125683048,55.74519125683048
522.68,515.8394273127752,-6.8405726872247214,6.8405726872247214
670.81,677.6855932203392,6.875593220339283,6.875593220339283
422.39,494.9436023054754,72.55360230547541,72.55360230547541
379.48,327.93673678226236,-51.54326321773766,51.54326321773766
527.49,567.8016379310343,40.311637931034284,40.311637931034284
452.17,359.7091542288557,-92.4608457711443,92.4608457711443
472.5,444.9838309859156,-27.516169014084426,27.516169014084426
195.54,207.02494505494516,11.484945054945172,11.484945054945172
528.44,494.9436023054754,-33.49639769452466,33.49639769452466
521.4,444.9838309859156,-76.4161690140844,76.4161690140844
419.38,409.72390624999963,-9.656093750000366,9.656093750000366
1655.67,1731.3535714285713,75.68357142857121,75.68357142857121
733.14,738.588116591928,5.448116591928056,5.448116591928056
396.32,409.72390624999963,13.403906249999636,13.403906249999636
192.9,239.16341379310356,46.26341379310355,46.26341379310355
535.84,567.8016379310343,31.96163793103426,31.96163793103426
436.86,327.93673678226236,-108.92326321773766,108.92326321773766
329.44,327.93673678226236,-1.50326321773764,1.50326321773764
426.85,444.9838309859156,18.13383098591555,18.13383098591555
802.47,781.9848087431695,-20.48519125683049,20.48519125683049
379.29,327.93673678226236,-51.35326321773766,51.35326321773766
400.49,409.72390624999963,9.23390624999962,9.23390624999962
1135.0,1224.1342156862747,89.13421568627473,89.13421568627473
344.08,327.93673678226236,-16.143263217737626,16.143263217737626
490.97,494.9436023054754,3.9736023054753673,3.9736023054753673
306.28,327.93673678226236,21.656736782262385,21.656736782262385
571.35,680.6578082191782,109.30780821917813,109.30780821917813
1335.91,1427.7572549019608,91.8472549019607,91.8472549019607
187.79,103.37525806451639,-84.4147419354836,84.4147419354836
413.42,409.72390624999963,-3.6960937500003865,3.6960937500003865
232.19,207.02494505494516,-25.165054945054834,25.165054945054834
417.49,494.9436023054754,77.45360230547539,77.45360230547539
597.13,567.8016379310343,-29.328362068965703,29.328362068965703
476.44,567.8016379310343,91.3616379310343,91.3616379310343
369.07,327.93673678226236,-41.133263217737635,41.133263217737635
399.85,409.72390624999963,9.873906249999607,9.873906249999607
138.25,207.02494505494516,68.77494505494516,68.77494505494516
885.93,845.1543200000001,-40.77567999999985,40.77567999999985
657.58,677.6855932203392,20.105593220339188,20.105593220339188
835.14,886.0993953488371,50.95939534883712,50.95939534883712
1313.6,1164.4222905027937,-149.17770949720625,149.17770949720625
350.2,327.93673678226236,-22.26326321773763,22.26326321773763
194.04,207.02494505494516,12.984945054945172,12.984945054945172
205.46,103.37525806451639,-102.08474193548362,102.08474193548362
307.27,359.7091542288557,52.43915422885573,52.43915422885573
814.17,845.1543200000001,30.98432000000014,30.98432000000014
330.39,327.93673678226236,-2.4532632177376286,2.4532632177376286
210.83,213.12350515463913,2.2935051546391207,2.2935051546391207
612.55,677.6855932203392,65.13559322033927,65.13559322033927
347.3,409.72390624999963,62.42390624999962,62.42390624999962
914.58,886.0993953488371,-28.480604651162935,28.480604651162935
643.45,612.7175714285714,-30.732428571428613,30.732428571428613
391.68,327.93673678226236,-63.74326321773765,63.74326321773765
1459.57,1427.7572549019608,-31.81274509803916,31.81274509803916
285.58,327.93673678226236,42.356736782262374,42.356736782262374
161.54,327.93673678226236,166.39673678226237,166.39673678226237
489.38,567.8016379310343,78.4216379310343,78.4216379310343
365.26,409.72390624999963,44.46390624999964,44.46390624999964
1104.55,1164.4222905027937,59.8722905027937,59.8722905027937
535.06,494.9436023054754,-40.11639769452455,40.11639769452455
493.51,494.9436023054754,1.4336023054754037,1.4336023054754037
599.59,567.8016379310343,-31.78836206896574,31.78836206896574
274.48,207.02494505494516,-67.45505494505485,67.45505494505485
117.0,213.12350515463913,96.12350515463913,96.12350515463913
462.08,444.9838309859156,-17.09616901408441,17.09616901408441
599.6,494.9436023054754,-104.65639769452463,104.65639769452463
531.82,515.8394273127752,-15.980572687224821,15.980572687224821
287.5,327.93673678226236,40.43673678226236,40.43673678226236
581.88,494.9436023054754,-86.9363976945246,86.9363976945246
291.67,327.93673678226236,36.26673678226234,36.26673678226234
138.5,103.37525806451639,-35.12474193548361,35.12474193548361
317.34,327.93673678226236,10.596736782262383,10.596736782262383
426.26,515.8394273127752,89.57942731277524,89.57942731277524
1026.7,1029.0572463768117,2.357246376811645,2.357246376811645
67.06,103.37525806451639,36.315258064516385,36.315258064516385
297.72,327.93673678226236,30.21673678226233,30.21673678226233
288.76,327.93673678226236,39.17673678226237,39.17673678226237
206.94,207.02494505494516,0.08494505494516602,0.08494505494516602
481.43,444.9838309859156,-36.44616901408443,36.44616901408443
911.03,886.0993953488371,-24.930604651162867,24.930604651162867
112.86,150.52294372294378,37.66294372294378,37.66294372294378
211.61,207.02494505494516,-4.58505494505485,4.58505494505485
221.44,213.12350515463913,-8.316494845360864,8.316494845360864
680.27,677.6855932203392,-2.5844067796607533,2.5844067796607533
321.03,327.93673678226236,6.906736782262385,6.906736782262385
847.21,886.0993953488371,38.88939534883707,38.88939534883707
207.07,239.16341379310356,32.093413793103565,32.093413793103565
547.7,494.9436023054754,-52.75639769452465,52.75639769452465
483.2,515.8394273127752,32.63942731277524,32.63942731277524
582.34,612.7175714285714,30.3775714285714,30.3775714285714
394.38,444.9838309859156,50.60383098591558,50.60383098591558
401.51,409.72390624999963,8.213906249999638,8.213906249999638
138.16,207.02494505494516,68.86494505494517,68.86494505494517
1395.41,1427.7572549019608,32.347254901960696,32.347254901960696
141.5,150.52294372294378,9.02294372294378,9.02294372294378
393.06,327.93673678226236,-65.12326321773764,65.12326321773764
240.82,213.12350515463913,-27.69649484536086,27.69649484536086
225.88,207.02494505494516,-18.85505494505483,18.85505494505483
327.66,327.93673678226236,0.2767367822623328,0.2767367822623328
355.71,327.93673678226236,-27.77326321773762,27.77326321773762
241.07,207.02494505494516,-34.04505494505483,34.04505494505483
894.41,886.0993953488371,-8.310604651162862,8.310604651162862
527.71,494.9436023054754,-32.76639769452464,32.76639769452464
315.21,327.93673678226236,12.726736782262378,12.726736782262378
277.43,327.93673678226236,50.50673678226235,50.50673678226235
371.77,327.93673678226236,-43.833263217737624,43.833263217737624
268.51,207.02494505494516,-61.48505494505483,61.48505494505483
298.1,327.93673678226236,29.836736782262335,29.836736782262335
1398.22,1340.9816494845363,-57.23835051546371,57.23835051546371
168.23,150.52294372294378,-17.70705627705621,17.70705627705621
890.1,973.5841666666663,83.48416666666628,83.48416666666628
1092.55,1029.0572463768117,-63.492753623188264,63.492753623188264
213.64,213.12350515463913,-0.5164948453608531,0.5164948453608531
999.19,954.9433707865164,-44.24662921348363,44.24662921348363
345.87,359.7091542288557,13.839154228855705,13.839154228855705
332.32,327.93673678226236,-4.383263217737635,4.383263217737635
496.91,444.9838309859156,-51.92616901408445,51.92616901408445
537.02,612.7175714285714,75.69757142857145,75.69757142857145
364.39,327.93673678226236,-36.45326321773763,36.45326321773763
262.18,239.16341379310356,-23.01658620689645,23.01658620689645
996.93,1029.0572463768117,32.12724637681174,32.12724637681174
928.46,973.5841666666663,45.12416666666627,45.12416666666627
1108.03,1164.4222905027937,56.392290502793685,56.392290502793685
158.34,143.82573248407644,-14.514267515923564,14.514267515923564
707.15,738.588116591928,31.438116591928065,31.438116591928065
362.44,327.93673678226236,-34.50326321773764,34.50326321773764
197.89,228.09388601036278,30.203886010362794,30.203886010362794
526.49,515.8394273127752,-10.65057268722478,10.65057268722478
383.65,327.93673678226236,-55.71326321773762,55.71326321773762
946.96,886.0993953488371,-60.86060465116293,60.86060465116293
832.78,886.0993953488371,53.31939534883713,53.31939534883713
271.22,327.93673678226236,56.71673678226233,56.71673678226233
1087.32,1164.4222905027937,77.10229050279372,77.10229050279372
518.3,515.8394273127752,-2.460572687224726,2.460572687224726
219.76,213.12350515463913,-6.636494845360858,6.636494845360858
788.06,781.9848087431695,-6.075191256830408,6.075191256830408
205.02,207.02494505494516,2.0049450549451535,2.0049450549451535
266.24,228.09388601036278,-38.14611398963723,38.14611398963723
197.47,239.16341379310356,41.69341379310356,41.69341379310356
174.32,228.09388601036278,53.77388601036279,53.77388601036279
384.91,359.7091542288557,-25.200845771144316,25.200845771144316
803.65,845.1543200000001,41.50432000000012,41.50432000000012
594.07,567.8016379310343,-26.268362068965757,26.268362068965757
804.89,845.1543200000001,40.26432000000011,40.26432000000011
228.22,207.02494505494516,-21.195054945054835,21.195054945054835
316.67,327.93673678226236,11.266736782262342,11.266736782262342
580.49,567.8016379310343,-12.688362068965716,12.688362068965716
740.63,738.588116591928,-2.0418834080719535,2.0418834080719535
1402.88,1340.9816494845363,-61.89835051546379,61.89835051546379
248.5,228.09388601036278,-20.40611398963722,20.40611398963722
264.31,239.16341379310356,-25.146586206896444,25.146586206896444
441.87,444.9838309859156,3.1138309859155697,3.1138309859155697
238.44,228.09388601036278,-10.346113989637217,10.346113989637217
127.33,150.52294372294378,23.19294372294378,23.19294372294378
180.64,207.02494505494516,26.384945054945177,26.384945054945177
362.91,327.93673678226236,-34.97326321773767,34.97326321773767
545.69,515.8394273127752,-29.850572687224826,29.850572687224826
722.15,677.6855932203392,-44.46440677966075,44.46440677966075
1438.62,1340.9816494845363,-97.63835051546357,97.63835051546357
398.94,359.7091542288557,-39.23084577114429,39.23084577114429
722.6,781.9848087431695,59.384808743169515,59.384808743169515
606.87,567.8016379310343,-39.06836206896571,39.06836206896571
312.19,327.93673678226236,15.74673678226236,15.74673678226236
300.01,327.93673678226236,27.926736782262367,27.926736782262367
1076.47,1164.4222905027937,87.95229050279363,87.95229050279363
378.62,327.93673678226236,-50.68326321773765,50.68326321773765
142.01,207.02494505494516,65.01494505494517,65.01494505494517
372.23,327.93673678226236,-44.29326321773766,44.29326321773766
255.56,239.16341379310356,-16.396586206896444,16.396586206896444
1164.52,1073.1964705882356,-91.32352941176441,91.32352941176441
393.68,409.72390624999963,16.043906249999623,16.043906249999623
894.66,954.9433707865164,60.28337078651646,60.28337078651646
925.85,845.1543200000001,-80.69567999999992,80.69567999999992
344.1,327.93673678226236,-16.163263217737665,16.163263217737665
208.71,213.12350515463913,4.413505154639125,4.413505154639125
254.16,327.93673678226236,73.77673678226236,73.77673678226236
1227.72,1224.1342156862747,-3.5857843137252985,3.5857843137252985
276.73,207.02494505494516,-69.70505494505485,69.70505494505485
221.85,228.09388601036278,6.243886010362786,6.243886010362786
203.02,213.12350515463913,10.103505154639123,10.103505154639123
1167.27,1164.4222905027937,-2.847709497206324,2.847709497206324
174.01,103.37525806451639,-70.6347419354836,70.6347419354836
220.31,207.02494505494516,-13.285054945054839,13.285054945054839
266.32,239.16341379310356,-27.156586206896435,27.156586206896435
445.46,327.93673678226236,-117.52326321773762,117.52326321773762
231.63,239.16341379310356,7.533413793103563,7.533413793103563
269.17,327.93673678226236,58.76673678226234,58.76673678226234
1320.49,1291.8594845360826,-28.63051546391739,28.63051546391739
279.71,207.02494505494516,-72.68505494505482,72.68505494505482
881.78,886.0993953488371,4.3193953488371335,4.3193953488371335
199.84,150.52294372294378,-49.317056277056224,49.317056277056224
357.76,359.7091542288557,1.9491542288557184,1.9491542288557184
778.33,781.9848087431695,3.6548087431694967,3.6548087431694967
370.36,409.72390624999963,39.363906249999616,39.363906249999616
436.82,494.9436023054754,58.1236023054754,58.1236023054754
1008.17,1029.0572463768117,20.88724637681173,20.88724637681173
694.08,781.9848087431695,87.9048087431695,87.9048087431695
405.59,444.9838309859156,39.3938309859156,39.3938309859156
260.91,239.16341379310356,-21.746586206896467,21.746586206896467
298.93,359.7091542288557,60.7791542288557,60.7791542288557
1390.57,1427.7572549019608,37.18725490196084,37.18725490196084
125.33,213.12350515463913,87.79350515463913,87.79350515463913
284.42,327.93673678226236,43.51673678226234,43.51673678226234
67.06,103.37525806451639,36.315258064516385,36.315258064516385
614.83,612.7175714285714,-2.112428571428609,2.112428571428609
114.0,143.82573248407644,29.82573248407644,29.82573248407644
403.74,409.72390624999963,5.98390624999962,5.98390624999962
1074.23,1029.0572463768117,-45.17275362318833,45.17275362318833
535.36,494.9436023054754,-40.41639769452462,40.41639769452462
570.39,567.8016379310343,-2.5883620689656937,2.5883620689656937
1222.49,1224.1342156862747,1.6442156862747197,1.6442156862747197
550.79,515.8394273127752,-34.950572687224735,34.950572687224735
1116.66,1073.1964705882356,-43.46352941176451,43.46352941176451
300.98,327.93673678226236,26.95673678226234,26.95673678226234
226.73,213.12350515463913,-13.606494845360857,13.606494845360857
614.78,612.7175714285714,-2.0624285714285406,2.0624285714285406
330.39,359.7091542288557,29.319154228855723,29.319154228855723
662.4,738.588116591928,76.18811659192806,76.18811659192806
249.36,213.12350515463913,-36.23649484536088,36.23649484536088
486.93,444.9838309859156,-41.94616901408443,41.94616901408443
666.9,677.6855932203392,10.785593220339251,10.785593220339251
380.38,327.93673678226236,-52.44326321773764,52.44326321773764
331.87,327.93673678226236,-3.9332632177376468,3.9332632177376468
503.13,515.8394273127752,12.709427312775233,12.709427312775233
199.63,207.02494505494516,7.394945054945168,7.394945054945168
198.41,143.82573248407644,-54.58426751592356,54.58426751592356
1056.1,1029.0572463768117,-27.04275362318822,27.04275362318822
755.29,738.588116591928,-16.70188340807192,16.70188340807192
363.93,409.72390624999963,45.79390624999962,45.79390624999962
595.08,494.9436023054754,-100.13639769452465,100.13639769452465
561.39,567.8016379310343,6.411637931034306,6.411637931034306
1056.37,1164.4222905027937,108.05229050279377,108.05229050279377
1422.67,1427.7572549019608,5.087254901960705,5.087254901960705
895.44,886.0993953488371,-9.340604651162948,9.340604651162948
970.57,1073.1964705882356,102.62647058823552,102.62647058823552
883.18,886.0993953488371,2.9193953488371562,2.9193953488371562
570.86,567.8016379310343,-3.058362068965721,3.058362068965721
98.95,103.37525806451639,4.425258064516385,4.425258064516385
637.37,677.6855932203392,40.315593220339224,40.315593220339224
1027.38,886.0993953488371,-141.280604651163,141.280604651163
216.76,150.52294372294378,-66.23705627705621,66.23705627705621
1076.95,1029.0572463768117,-47.892753623188355,47.892753623188355
529.36,515.8394273127752,-13.520572687224785,13.520572687224785
395.37,327.93673678226236,-67.43326321773765,67.43326321773765
209.63,213.12350515463913,3.493505154639138,3.493505154639138
545.86,494.9436023054754,-50.91639769452462,50.91639769452462
842.65,886.0993953488371,43.44939534883713,43.44939534883713
681.05,612.7175714285714,-68.33242857142852,68.33242857142852
67.06,103.37525806451639,36.315258064516385,36.315258064516385
578.19,567.8016379310343,-10.388362068965762,10.388362068965762
1582.04,1529.4646031746036,-52.57539682539641,52.57539682539641
297.59,359.7091542288557,62.119154228855734,62.119154228855734
256.16,213.12350515463913,-43.03649484536089,43.03649484536089
840.82,886.0993953488371,45.279395348837056,45.279395348837056
465.43,515.8394273127752,50.40942731277522,50.40942731277522
649.33,567.8016379310343,-81.52836206896575,81.52836206896575
580.37,567.8016379310343,-12.568362068965712,12.568362068965712
545.95,409.72390624999963,-136.22609375000042,136.22609375000042
1107.58,1164.4222905027937,56.84229050279373,56.84229050279373
559.71,567.8016379310343,8.091637931034256,8.091637931034256
925.14,845.1543200000001,-79.98567999999989,79.98567999999989
1317.37,1291.8594845360826,-25.510515463917272,25.510515463917272
427.37,409.72390624999963,-17.646093750000375,17.646093750000375
240.48,213.12350515463913,-27.356494845360857,27.356494845360857
802.77,886.0993953488371,83.32939534883712,83.32939534883712
565.65,612.7175714285714,47.067571428571455,47.067571428571455
412.8,359.7091542288557,-53.0908457711443,53.0908457711443
460.63,444.9838309859156,-15.646169014084421,15.646169014084421
856.84,781.9848087431695,-74.8551912568305,74.8551912568305
466.52,327.93673678226236,-138.58326321773762,138.58326321773762
210.95,213.12350515463913,2.1735051546391446,2.1735051546391446
754.11,738.588116591928,-15.521883408071972,15.521883408071972
573.94,494.9436023054754,-78.99639769452466,78.99639769452466
249.9,207.02494505494516,-42.87505494505484,42.87505494505484
238.92,239.16341379310356,0.2434137931035707,0.2434137931035707
1024.43,1029.0572463768117,4.627246376811627,4.627246376811627
1016.82,973.5841666666663,-43.235833333333744,43.235833333333744
1273.7,1164.4222905027937,-109.27770949720639,109.27770949720639
493.41,409.72390624999963,-83.6860937500004,83.6860937500004
157.71,150.52294372294378,-7.187056277056229,7.187056277056229
565.17,567.8016379310343,2.6316379310343336,2.6316379310343336
584.79,515.8394273127752,-68.95057268722474,68.95057268722474
1293.25,1340.9816494845363,47.73164948453632,47.73164948453632
208.55,213.12350515463913,4.573505154639122,4.573505154639122
310.21,327.93673678226236,17.72673678226238,17.72673678226238
1151.39,1164.4222905027937,13.032290502793558,13.032290502793558
254.19,228.09388601036278,-26.096113989637217,26.096113989637217
378.78,359.7091542288557,-19.070845771144263,19.070845771144263
354.22,327.93673678226236,-26.28326321773767,26.28326321773767
146.21,143.82573248407644,-2.3842675159235682,2.3842675159235682
582.39,515.8394273127752,-66.55057268722476,66.55057268722476
361.83,327.93673678226236,-33.893263217737626,33.893263217737626
1015.66,973.5841666666663,-42.07583333333366,42.07583333333366
586.71,612.7175714285714,26.007571428571396,26.007571428571396
482.25,567.8016379310343,85.55163793103429,85.55163793103429
284.74,327.93673678226236,43.19673678226235,43.19673678226235
395.37,327.93673678226236,-67.43326321773765,67.43326321773765
305.51,327.93673678226236,22.426736782262367,22.426736782262367
291.22,327.93673678226236,36.71673678226233,36.71673678226233
1233.93,1291.8594845360826,57.929484536082555,57.929484536082555
235.88,207.02494505494516,-28.85505494505483,28.85505494505483
250.87,239.16341379310356,-11.706586206896446,11.706586206896446
370.56,327.93673678226236,-42.623263217737644,42.623263217737644
524.28,494.9436023054754,-29.336397694524578,29.336397694524578
130.69,103.37525806451639,-27.31474193548361,27.31474193548361
768.07,781.9848087431695,13.914808743169488,13.914808743169488
375.56,409.72390624999963,34.16390624999963,34.16390624999963
214.02,213.12350515463913,-0.896494845360877,0.896494845360877
1031.15,1029.0572463768117,-2.0927536231884005,2.0927536231884005
535.95,612.7175714285714,76.76757142857139,76.76757142857139
825.93,738.588116591928,-87.34188340807191,87.34188340807191
699.07,738.588116591928,39.51811659192799,39.51811659192799
67.06,103.37525806451639,36.315258064516385,36.315258064516385
1236.04,1291.8594845360826,55.819484536082655,55.819484536082655
321.62,327.93673678226236,6.316736782262353,6.316736782262353
599.96,612.7175714285714,12.757571428571396,12.757571428571396
359.92,409.72390624999963,49.80390624999961,49.80390624999961
604.02,494.9436023054754,-109.07639769452459,109.07639769452459
794.91,845.1543200000001,50.24432000000013,50.24432000000013
1280.77,1164.4222905027937,-116.34770949720632,116.34770949720632
479.78,515.8394273127752,36.059427312775256,36.059427312775256
1030.32,1029.0572463768117,-1.262753623188246,1.262753623188246
319.33,327.93673678226236,8.606736782262374,8.606736782262374
236.4,207.02494505494516,-29.375054945054842,29.375054945054842
164.64,143.82573248407644,-20.814267515923547,20.814267515923547
361.87,327.93673678226236,-33.93326321773765,33.93326321773765
403.22,327.93673678226236,-75.28326321773767,75.28326321773767
747.66,612.7175714285714,-134.94242857142854,134.94242857142854
1269.05,1224.1342156862747,-44.915784313725226,44.915784313725226
729.37,677.6855932203392,-51.684406779660776,51.684406779660776
814.48,781.9848087431695,-32.49519125683048,32.49519125683048
1710.24,1731.3535714285713,21.113571428571277,21.113571428571277
521.68,494.9436023054754,-26.736397694524555,26.736397694524555
183.11,213.12350515463913,30.01350515463912,30.01350515463912
194.4,213.12350515463913,18.723505154639128,18.723505154639128
684.56,781.9848087431695,97.42480874316959,97.42480874316959
136.89,103.37525806451639,-33.5147419354836,33.5147419354836
1351.75,1427.7572549019608,76.00725490196078,76.00725490196078
595.91,567.8016379310343,-28.108362068965675,28.108362068965675
290.24,327.93673678226236,37.69673678226235,37.69673678226235
169.17,150.52294372294378,-18.64705627705621,18.64705627705621
296.19,327.93673678226236,31.74673678226236,31.74673678226236
234.15,213.12350515463913,-21.026494845360872,21.026494845360872
417.43,327.93673678226236,-89.49326321773765,89.49326321773765
1469.16,1529.4646031746036,60.30460317460347,60.30460317460347
612.76,677.6855932203392,64.92559322033924,64.92559322033924
337.61,327.93673678226236,-9.673263217737656,9.673263217737656
239.73,228.09388601036278,-11.63611398963721,11.63611398963721
498.42,567.8016379310343,69.38163793103428,69.38163793103428
543.19,515.8394273127752,-27.350572687224826,27.350572687224826
234.51,327.93673678226236,93.42673678226237,93.42673678226237
443.25,444.9838309859156,1.7338309859155743,1.7338309859155743
395.54,327.93673678226236,-67.60326321773766,67.60326321773766
345.2,359.7091542288557,14.50915422885572,14.50915422885572
207.77,213.12350515463913,5.353505154639123,5.353505154639123
1558.75,1529.4646031746036,-29.285396825396447,29.285396825396447
247.45,213.12350515463913,-34.326494845360855,34.326494845360855
425.61,409.72390624999963,-15.886093750000384,15.886093750000384
74.38,103.37525806451639,28.995258064516392,28.995258064516392
327.44,409.72390624999963,82.28390624999963,82.28390624999963
500.19,515.8394273127752,15.64942731277523,15.64942731277523
826.64,845.1543200000001,18.51432000000011,18.51432000000011
299.26,327.93673678226236,28.676736782262367,28.676736782262367
239.46,207.02494505494516,-32.435054945054844,32.435054945054844
67.06,103.37525806451639,36.315258064516385,36.315258064516385
521.84,515.8394273127752,-6.000572687224803,6.000572687224803
405.27,444.9838309859156,39.71383098591559,39.71383098591559
344.86,327.93673678226236,-16.923263217737656,16.923263217737656
573.12,444.9838309859156,-128.13616901408443,128.13616901408443
478.04,494.9436023054754,16.903602305475374,16.903602305475374
96.75,103.37525806451639,6.625258064516387,6.625258064516387
488.47,494.9436023054754,6.473602305475367,6.473602305475367
176.08,207.02494505494516,30.94494505494515,30.94494505494515
716.39,680.6578082191782,-35.732191780821836,35.732191780821836
552.27,612.7175714285714,60.44757142857145,60.44757142857145
205.17,213.12350515463913,7.953505154639146,7.953505154639146
762.87,738.588116591928,-24.281883408071963,24.281883408071963
551.91,612.7175714285714,60.807571428571464,60.807571428571464
1014.7,954.9433707865164,-59.75662921348362,59.75662921348362
224.05,213.12350515463913,-10.926494845360878,10.926494845360878
858.83,886.0993953488371,27.269395348837065,27.269395348837065
219.88,239.16341379310356,19.283413793103563,19.283413793103563
381.93,327.93673678226236,-53.99326321773765,53.99326321773765
857.89,886.0993953488371,28.20939534883712,28.20939534883712
303.11,327.93673678226236,24.826736782262344,24.826736782262344
67.06,143.82573248407644,76.76573248407644,76.76573248407644
307.01,327.93673678226236,20.926736782262367,20.926736782262367
562.56,515.8394273127752,-46.72057268722472,46.72057268722472
177.03,150.52294372294378,-26.507056277056222,26.507056277056222
1469.81,1529.4646031746036,59.65460317460361,59.65460317460361
346.58,327.93673678226236,-18.643263217737626,18.643263217737626
412.17,409.72390624999963,-2.4460937500003865,2.4460937500003865
385.32,327.93673678226236,-57.383263217737635,57.383263217737635
667.64,738.588116591928,70.94811659192806,70.94811659192806
80.79,103.37525806451639,22.58525806451638,22.58525806451638
290.92,327.93673678226236,37.01673678226234,37.01673678226234
448.91,409.72390624999963,-39.186093750000396,39.186093750000396
460.29,444.9838309859156,-15.306169014084446,15.306169014084446
203.85,239.16341379310356,35.313413793103564,35.313413793103564
869.76,886.0993953488371,16.339395348837115,16.339395348837115
216.5,143.82573248407644,-72.67426751592356,72.67426751592356
360.98,444.9838309859156,84.00383098591556,84.00383098591556
811.43,845.1543200000001,33.72432000000015,33.72432000000015
375.12,327.93673678226236,-47.18326321773765,47.18326321773765
466.45,515.8394273127752,49.38942731277524,49.38942731277524
312.67,359.7091542288557,47.03915422885569,47.03915422885569
277.91,327.93673678226236,50.02673678226233,50.02673678226233
843.92,886.0993953488371,42.17939534883715,42.17939534883715
433.89,444.9838309859156,11.093830985915588,11.093830985915588
263.28,327.93673678226236,64.65673678226239,64.65673678226239
391.08,444.9838309859156,53.90383098591559,53.90383098591559
330.78,327.93673678226236,-2.843263217737615,2.843263217737615
449.2,359.7091542288557,-89.49084577114428,89.49084577114428
716.9,738.588116591928,21.688116591928065,21.688116591928065
526.06,494.9436023054754,-31.11639769452455,31.11639769452455
583.99,612.7175714285714,28.727571428571423,28.727571428571423
406.58,327.93673678226236,-78.64326321773763,78.64326321773763
189.06,143.82573248407644,-45.23426751592356,45.23426751592356
348.07,327.93673678226236,-20.133263217737635,20.133263217737635
769.75,612.7175714285714,-157.03242857142857,157.03242857142857
270.03,207.02494505494516,-63.00505494505481,63.00505494505481
218.65,213.12350515463913,-5.526494845360872,5.526494845360872
526.24,515.8394273127752,-10.40057268722478,10.40057268722478
156.53,150.52294372294378,-6.007056277056222,6.007056277056222
201.27,327.93673678226236,126.66673678226235,126.66673678226235
233.64,228.09388601036278,-5.546113989637206,5.546113989637206
370.83,359.7091542288557,-11.120845771144275,11.120845771144275
291.22,327.93673678226236,36.71673678226233,36.71673678226233
523.31,494.9436023054754,-28.36639769452455,28.36639769452455
988.41,1029.0572463768117,40.64724637681172,40.64724637681172
67.06,150.52294372294378,83.46294372294378,83.46294372294378
465.63,494.9436023054754,29.3136023054754,29.3136023054754
427.19,409.72390624999963,-17.46609375000037,17.46609375000037
420.45,359.7091542288557,-60.74084577114428,60.74084577114428
258.56,207.02494505494516,-51.53505494505484,51.53505494505484
182.58,228.09388601036278,45.51388601036277,45.51388601036277
725.88,845.1543200000001,119.2743200000001,119.2743200000001
563.9,567.8016379310343,3.9016379310343154,3.9016379310343154
67.06,103.37525806451639,36.315258064516385,36.315258064516385
1192.8,1164.4222905027937,-28.377709497206297,28.377709497206297
183.79,207.02494505494516,23.23494505494517,23.23494505494517
1218.16,1224.1342156862747,5.974215686274647,5.974215686274647
1115.71,1164.4222905027937,48.71229050279362,48.71229050279362
524.39,515.8394273127752,-8.550572687224758,8.550572687224758
366.99,327.93673678226236,-39.05326321773765,39.05326321773765
225.7,207.02494505494516,-18.675054945054825,18.675054945054825
67.06,103.37525806451639,36.315258064516385,36.315258064516385
334.99,327.93673678226236,-7.053263217737651,7.053263217737651
551.88,515.8394273127752,-36.04057268722477,36.04057268722477
339.03,327.93673678226236,-11.093263217737615,11.093263217737615
173.8,150.52294372294378,-23.277056277056232,23.277056277056232
458.47,359.7091542288557,-98.76084577114432,98.76084577114432
861.91,738.588116591928,-123.32188340807193,123.32188340807193
237.41,239.16341379310356,1.7534137931035616,1.7534137931035616
327.08,327.93673678226236,0.8567367822623737,0.8567367822623737
293.66,327.93673678226236,34.27673678226233,34.27673678226233
420.01,444.9838309859156,24.973830985915583,24.973830985915583
387.5,327.93673678226236,-59.56326321773764,59.56326321773764
291.11,327.93673678226236,36.826736782262344,36.826736782262344
1043.76,1073.1964705882356,29.43647058823558,29.43647058823558
322.64,327.93673678226236,5.296736782262371,5.296736782262371
208.19,213.12350515463913,4.9335051546391355,4.9335051546391355
75.28,103.37525806451639,28.095258064516386,28.095258064516386
852.62,738.588116591928,-114.03188340807196,114.03188340807196
682.23,738.588116591928,56.358116591928024,56.358116591928024
324.24,327.93673678226236,3.6967367822623487,3.6967367822623487
1036.42,1029.0572463768117,-7.362753623188382,7.362753623188382
291.06,327.93673678226236,36.876736782262356,36.876736782262356
266.23,207.02494505494516,-59.205054945054854,59.205054945054854
489.88,409.72390624999963,-80.15609375000037,80.15609375000037
263.71,239.16341379310356,-24.54658620689642,24.54658620689642
466.21,444.9838309859156,-21.226169014084405,21.226169014084405
187.76,207.02494505494516,19.264945054945173,19.264945054945173
245.04,239.16341379310356,-5.876586206896434,5.876586206896434
167.35,150.52294372294378,-16.827056277056215,16.827056277056215
136.74,103.37525806451639,-33.36474193548362,33.36474193548362
117.32,150.52294372294378,33.202943722943786,33.202943722943786
948.57,1029.0572463768117,80.48724637681164,80.48724637681164
485.78,494.9436023054754,9.163602305475422,9.163602305475422
130.83,150.52294372294378,19.692943722943767,19.692943722943767
431.71,444.9838309859156,13.273830985915595,13.273830985915595
107.94,143.82573248407644,35.88573248407644,35.88573248407644
384.79,327.93673678226236,-56.85326321773766,56.85326321773766
258.34,213.12350515463913,-45.21649484536084,45.21649484536084
552.59,515.8394273127752,-36.7505726872248,36.7505726872248
100.1,150.52294372294378,50.422943722943785,50.422943722943785
242.49,228.09388601036278,-14.396113989637229,14.396113989637229
217.92,239.16341379310356,21.24341379310357,21.24341379310357
1353.87,1291.8594845360826,-62.01051546391727,62.01051546391727
243.93,213.12350515463913,-30.806494845360874,30.806494845360874
947.75,973.5841666666663,25.834166666666306,25.834166666666306
1173.86,1291.8594845360826,117.99948453608272,117.99948453608272
67.06,103.37525806451639,36.315258064516385,36.315258064516385
94.9,103.37525806451639,8.475258064516382,8.475258064516382
494.96,515.8394273127752,20.87942731277525,20.87942731277525
240.41,207.02494505494516,-33.38505494505483,33.38505494505483
486.85,515.8394273127752,28.989427312775206,28.989427312775206
239.41,213.12350515463913,-26.286494845360863,26.286494845360863
1174.08,1029.0572463768117,-145.02275362318824,145.02275362318824
608.03,612.7175714285714,4.687571428571459,4.687571428571459
413.49,409.72390624999963,-3.7660937500003797,3.7660937500003797
155.98,143.82573248407644,-12.15426751592355,12.15426751592355
815.44,781.9848087431695,-33.45519125683052,33.45519125683052
281.67,327.93673678226236,46.26673678226234,46.26673678226234
222.75,207.02494505494516,-15.725054945054836,15.725054945054836
779.11,845.1543200000001,66.04432000000008,66.04432000000008
990.49,1029.0572463768117,38.56724637681168,38.56724637681168
400.64,444.9838309859156,44.34383098591559,44.34383098591559
155.36,207.02494505494516,51.66494505494515,51.66494505494515
922.02,973.5841666666663,51.564166666666324,51.564166666666324
250.06,228.09388601036278,-21.966113989637222,21.966113989637222
239.49,207.02494505494516,-32.465054945054845,32.465054945054845
267.18,239.16341379310356,-28.01658620689645,28.01658620689645
838.62,738.588116591928,-100.03188340807196,100.03188340807196
215.72,239.16341379310356,23.44341379310356,23.44341379310356
910.44,781.9848087431695,-128.45519125683052,128.45519125683052
880.93,886.0993953488371,5.169395348837156,5.169395348837156
959.07,886.0993953488371,-72.97060465116294,72.97060465116294
339.63,409.72390624999963,70.09390624999963,70.09390624999963
926.5,954.9433707865164,28.443370786516425,28.443370786516425
407.24,327.93673678226236,-79.30326321773765,79.30326321773765
519.75,494.9436023054754,-24.806397694524605,24.806397694524605
306.64,327.93673678226236,21.29673678226237,21.29673678226237
904.84,973.5841666666663,68.74416666666627,68.74416666666627
1008.73,973.5841666666663,-35.14583333333371,35.14583333333371
334.96,327.93673678226236,-7.023263217737622,7.023263217737622
253.61,207.02494505494516,-46.58505494505485,46.58505494505485
278.84,327.93673678226236,49.09673678226238,49.09673678226238
267.69,213.12350515463913,-54.566494845360864,54.566494845360864
193.62,207.02494505494516,13.40494505494516,13.40494505494516
651.94,680.6578082191782,28.717808219178096,28.717808219178096
115.35,150.52294372294378,35.172943722943785,35.172943722943785
944.46,954.9433707865164,10.483370786516389,10.483370786516389
289.2,327.93673678226236,38.73673678226237,38.73673678226237
1354.15,1291.8594845360826,-62.29051546391747,62.29051546391747
376.85,494.9436023054754,118.09360230547537,118.09360230547537
400.52,409.72390624999963,9.203906249999648,9.203906249999648
301.97,327.93673678226236,25.96673678226233,25.96673678226233
404.52,494.9436023054754,90.42360230547541,90.42360230547541
291.5,327.93673678226236,36.43673678226236,36.43673678226236
262.97,213.12350515463913,-49.846494845360894,49.846494845360894
448.01,494.9436023054754,46.933602305475404,46.933602305475404
686.87,677.6855932203392,-9.184406779660776,9.184406779660776
266.67,239.16341379310356,-27.506586206896458,27.506586206896458
490.6,515.8394273127752,25.239427312775206,25.239427312775206
302.98,327.93673678226236,24.95673678226234,24.95673678226234
883.29,886.0993953488371,2.8093953488371426,2.8093953488371426
477.29,494.9436023054754,17.653602305475374,17.653602305475374
299.29,327.93673678226236,28.646736782262337,28.646736782262337
905.69,886.0993953488371,-19.59060465116295,19.59060465116295
1388.76,1427.7572549019608,38.99725490196079,38.99725490196079
1200.07,1164.4222905027937,-35.64770949720628,35.64770949720628
398.56,359.7091542288557,-38.85084577114429,38.85084577114429
750.93,781.9848087431695,31.054808743169588,31.054808743169588
371.81,327.93673678226236,-43.873263217737644,43.873263217737644
1393.56,1340.9816494845363,-52.578350515463626,52.578350515463626
185.91,143.82573248407644,-42.08426751592356,42.08426751592356
1433.46,1427.7572549019608,-5.702745098039259,5.702745098039259
176.25,213.12350515463913,36.87350515463913,36.87350515463913
758.44,738.588116591928,-19.851883408072013,19.851883408072013
1437.6,1427.7572549019608,-9.842745098039131,9.842745098039131
725.64,612.7175714285714,-112.92242857142855,112.92242857142855
287.89,327.93673678226236,40.04673678226237,40.04673678226237
375.95,327.93673678226236,-48.01326321773763,48.01326321773763
468.44,494.9436023054754,26.503602305475397,26.503602305475397
623.61,612.7175714285714,-10.892428571428582,10.892428571428582
366.99,327.93673678226236,-39.05326321773765,39.05326321773765
1155.95,1164.4222905027937,8.472290502793612,8.472290502793612
1252.76,1340.9816494845363,88.22164948453633,88.22164948453633
213.85,207.02494505494516,-6.825054945054831,6.825054945054831
1025.29,1073.1964705882356,47.90647058823561,47.90647058823561
464.28,515.8394273127752,51.559427312775256,51.559427312775256
264.63,327.93673678226236,63.30673678226236,63.30673678226236
491.21,409.72390624999963,-81.48609375000035,81.48609375000035
163.16,143.82573248407644,-19.334267515923557,19.334267515923557
664.09,738.588116591928,74.49811659192801,74.49811659192801
559.38,515.8394273127752,-43.54057268722477,43.54057268722477
445.38,409.72390624999963,-35.656093750000366,35.656093750000366
140.66,207.02494505494516,66.36494505494517,66.36494505494517
350.59,327.93673678226236,-22.653263217737617,22.653263217737617
341.11,327.93673678226236,-13.173263217737656,13.173263217737656
832.06,845.1543200000001,13.094320000000153,13.094320000000153
148.46,150.52294372294378,2.0629437229437713,2.0629437229437713
131.57,207.02494505494516,75.45494505494517,75.45494505494517
750.64,738.588116591928,-12.051883408071944,12.051883408071944
838.66,845.1543200000001,6.49432000000013,6.49432000000013
310.96,327.93673678226236,16.97673678226238,16.97673678226238
639.1,515.8394273127752,-123.2605726872248,123.2605726872248
511.41,494.9436023054754,-16.46639769452463,16.46639769452463
408.16,359.7091542288557,-48.450845771144316,48.450845771144316
899.65,886.0993953488371,-13.550604651162871,13.550604651162871
440.3,409.72390624999963,-30.576093750000382,30.576093750000382
67.06,143.82573248407644,76.76573248407644,76.76573248407644
401.97,409.72390624999963,7.753906249999602,7.753906249999602
1227.04,1224.1342156862747,-2.905784313725235,2.905784313725235
1247.12,1164.4222905027937,-82.69770949720623,82.69770949720623
863.79,886.0993953488371,22.309395348837143,22.309395348837143
565.47,494.9436023054754,-70.52639769452463,70.52639769452463
234.62,207.02494505494516,-27.59505494505484,27.59505494505484
337.46,327.93673678226236,-9.523263217737622,9.523263217737622
648.14,677.6855932203392,29.545593220339242,29.545593220339242
1172.7,1164.4222905027937,-8.277709497206388,8.277709497206388
418.08,327.93673678226236,-90.14326321773763,90.14326321773763
360.24,327.93673678226236,-32.30326321773765,32.30326321773765
1252.12,1164.4222905027937,-87.69770949720623,87.69770949720623
196.84,228.09388601036278,31.253886010362777,31.253886010362777
257.79,239.16341379310356,-18.626586206896462,18.626586206896462
991.44,1029.0572463768117,37.617246376811636,37.617246376811636
393.14,409.72390624999963,16.583906249999643,16.583906249999643
857.96,738.588116591928,-119.371883408072,119.371883408072
160.54,213.12350515463913,52.58350515463914,52.58350515463914
272.92,327.93673678226236,55.01673678226234,55.01673678226234
407.98,409.72390624999963,1.7439062499996112,1.7439062499996112
317.17,327.93673678226236,10.766736782262342,10.766736782262342
378.52,409.72390624999963,31.203906249999648,31.203906249999648
381.31,327.93673678226236,-53.373263217737644,53.373263217737644
958.58,886.0993953488371,-72.48060465116293,72.48060465116293
944.39,886.0993953488371,-58.29060465116288,58.29060465116288
224.15,239.16341379310356,15.013413793103553,15.013413793103553
765.54,781.9848087431695,16.444808743169574,16.444808743169574
572.04,567.8016379310343,-4.238362068965671,4.238362068965671
199.51,143.82573248407644,-55.68426751592355,55.68426751592355
491.61,444.9838309859156,-46.62616901408444,46.62616901408444
391.63,409.72390624999963,18.093906249999634,18.093906249999634
1020.12,1029.0572463768117,8.937246376811686,8.937246376811686
366.48,409.72390624999963,43.24390624999961,43.24390624999961
263.74,213.12350515463913,-50.616494845360876,50.616494845360876
594.03,612.7175714285714,18.68757142857146,18.68757142857146
261.59,207.02494505494516,-54.56505494505481,54.56505494505481
962.66,1029.0572463768117,66.39724637681172,66.39724637681172
414.79,494.9436023054754,80.15360230547537,80.15360230547537
285.58,327.93673678226236,42.356736782262374,42.356736782262374
858.53,886.0993953488371,27.569395348837133,27.569395348837133
132.8,150.52294372294378,17.722943722943768,17.722943722943768
723.49,738.588116591928,15.098116591928033,15.098116591928033
289.04,327.93673678226236,38.89673678226234,38.89673678226234
493.25,494.9436023054754,1.6936023054753946,1.6936023054753946
629.57,612.7175714285714,-16.852428571428618,16.852428571428618
305.75,327.93673678226236,22.186736782262358,22.186736782262358
359.06,327.93673678226236,-31.123263217737644,31.123263217737644
486.84,444.9838309859156,-41.8561690140844,41.8561690140844
923.18,973.5841666666663,50.404166666666356,50.404166666666356
631.96,680.6578082191782,48.697808219178114,48.697808219178114
835.29,845.1543200000001,9.864320000000134,9.864320000000134
282.02,207.02494505494516,-74.99505494505482,74.99505494505482
197.99,213.12350515463913,15.133505154639124,15.133505154639124
269.69,327.93673678226236,58.24673678226236,58.24673678226236
584.27,567.8016379310343,-16.46836206896569,16.46836206896569
146.88,213.12350515463913,66.24350515463914,66.24350515463914
348.6,327.93673678226236,-20.663263217737665,20.663263217737665
220.99,239.16341379310356,18.17341379310355,18.17341379310355
372.5,327.93673678226236,-44.56326321773764,44.56326321773764
317.11,327.93673678226236,10.826736782262344,10.826736782262344
85.16,103.37525806451639,18.21525806451639,18.21525806451639
167.44,103.37525806451639,-64.06474193548361,64.06474193548361
142.51,143.82573248407644,1.3157324840764488,1.3157324840764488
119.91,150.52294372294378,30.612943722943783,30.612943722943783
734.72,738.588116591928,3.8681165919280147,3.8681165919280147
307.63,327.93673678226236,20.306736782262362,20.306736782262362
354.37,327.93673678226236,-26.433263217737647,26.433263217737647
1708.28,1731.3535714285713,23.073571428571313,23.073571428571313
415.29,327.93673678226236,-87.35326321773766,87.35326321773766
1421.79,1340.9816494845363,-80.80835051546364,80.80835051546364
290.16,327.93673678226236,37.77673678226233,37.77673678226233
235.64,228.09388601036278,-7.546113989637206,7.546113989637206
561.4,567.8016379310343,6.401637931034315,6.401637931034315
535.06,567.8016379310343,32.74163793103435,32.74163793103435
858.24,845.1543200000001,-13.085679999999911,13.085679999999911
433.3,409.72390624999963,-23.576093750000382,23.576093750000382
255.53,213.12350515463913,-42.40649484536087,42.40649484536087
518.04,494.9436023054754,-23.09639769452457,23.09639769452457
1416.46,1340.9816494845363,-75.47835051546372,75.47835051546372
1210.54,1164.4222905027937,-46.117709497206306,46.117709497206306
1613.79,1529.4646031746036,-84.32539682539641,84.32539682539641
1157.1,1164.4222905027937,7.322290502793749,7.322290502793749
588.28,567.8016379310343,-20.47836206896568,20.47836206896568
191.06,228.09388601036278,37.03388601036278,37.03388601036278
359.24,327.93673678226236,-31.30326321773765,31.30326321773765
828.92,886.0993953488371,57.17939534883715,57.17939534883715
396.12,327.93673678226236,-68.18326321773765,68.18326321773765
178.72,150.52294372294378,-28.19705627705622,28.19705627705622
177.21,207.02494505494516,29.814945054945156,29.814945054945156
1032.61,973.5841666666663,-59.025833333333594,59.025833333333594
337.2,327.93673678226236,-9.26326321773763,9.26326321773763
158.54,228.09388601036278,69.55388601036279,69.55388601036279
504.3,409.72390624999963,-94.57609375000038,94.57609375000038
141.52,207.02494505494516,65.50494505494515,65.50494505494515
276.49,327.93673678226236,51.44673678226235,51.44673678226235
175.21,150.52294372294378,-24.68705627705623,24.68705627705623
434.5,409.72390624999963,-24.77609375000037,24.77609375000037
479.51,494.9436023054754,15.433602305475404,15.433602305475404
550.84,515.8394273127752,-35.0005726872248,35.0005726872248
630.32,677.6855932203392,47.36559322033918,47.36559322033918
168.9,213.12350515463913,44.22350515463913,44.22350515463913
187.8,207.02494505494516,19.224945054945152,19.224945054945152
187.87,143.82573248407644,-44.044267515923565,44.044267515923565
588.43,567.8016379310343,-20.628362068965657,20.628362068965657
341.6,327.93673678226236,-13.663263217737665,13.663263217737665
335.96,327.93673678226236,-8.023263217737622,8.023263217737622
1147.6,1073.1964705882356,-74.40352941176434,74.40352941176434
214.41,239.16341379310356,24.75341379310356,24.75341379310356
175.81,103.37525806451639,-72.43474193548361,72.43474193548361
229.67,207.02494505494516,-22.645054945054824,22.645054945054824
525.74,515.8394273127752,-9.90057268722478,9.90057268722478
597.95,612.7175714285714,14.767571428571387,14.767571428571387
352.27,327.93673678226236,-24.333263217737624,24.333263217737624
764.22,738.588116591928,-25.631883408071985,25.631883408071985
436.35,409.72390624999963,-26.626093750000393,26.626093750000393
402.24,444.9838309859156,42.743830985915565,42.743830985915565
422.93,494.9436023054754,72.01360230547539,72.01360230547539
643.74,612.7175714285714,-31.022428571428577,31.022428571428577
1077.19,1029.0572463768117,-48.132753623188364,48.132753623188364
933.18,954.9433707865164,21.763370786516475,21.763370786516475
381.07,327.93673678226236,-53.133263217737635,53.133263217737635
358.15,327.93673678226236,-30.21326321773762,30.21326321773762
457.59,494.9436023054754,37.35360230547542,37.35360230547542
67.06,103.37525806451639,36.315258064516385,36.315258064516385
607.11,612.7175714285714,5.607571428571418,5.607571428571418
267.0,207.02494505494516,-59.975054945054836,59.975054945054836
405.31,327.93673678226236,-77.37326321773764,77.37326321773764
185.02,327.93673678226236,142.91673678226235,142.91673678226235
327.12,327.93673678226236,0.8167367822623532,0.8167367822623532
275.93,207.02494505494516,-68.90505494505484,68.90505494505484
722.53,845.1543200000001,122.62432000000013,122.62432000000013
456.61,494.9436023054754,38.33360230547538,38.33360230547538
944.94,973.5841666666663,28.64416666666625,28.64416666666625
188.78,213.12350515463913,24.343505154639132,24.343505154639132
392.39,409.72390624999963,17.333906249999643,17.333906249999643
231.36,213.12350515463913,-18.23649484536088,18.23649484536088
216.76,228.09388601036278,11.33388601036279,11.33388601036279
497.74,444.9838309859156,-52.756169014084435,52.756169014084435
1360.81,1340.9816494845363,-19.828350515463626,19.828350515463626
1148.25,1164.4222905027937,16.172290502793658,16.172290502793658
1119.01,1073.1964705882356,-45.81352941176442,45.81352941176442
678.43,567.8016379310343,-110.62836206896566,110.62836206896566
347.71,327.93673678226236,-19.77326321773762,19.77326321773762
378.34,359.7091542288557,-18.630845771144266,18.630845771144266
559.3,567.8016379310343,8.501637931034338,8.501637931034338
1342.0,1340.9816494845363,-1.0183505154636805,1.0183505154636805
718.79,612.7175714285714,-106.07242857142853,106.07242857142853
899.35,954.9433707865164,55.5933707865164,55.5933707865164
787.35,781.9848087431695,-5.365191256830485,5.365191256830485
201.44,150.52294372294378,-50.91705627705622,50.91705627705622
243.23,213.12350515463913,-30.106494845360857,30.106494845360857
311.47,327.93673678226236,16.46673678226233,16.46673678226233
892.3,886.0993953488371,-6.200604651162848,6.200604651162848
776.97,781.9848087431695,5.01480874316951,5.01480874316951
719.43,781.9848087431695,62.55480874316959,62.55480874316959
174.58,213.12350515463913,38.54350515463912,38.54350515463912
829.93,781.9848087431695,-47.94519125683041,47.94519125683041
328.06,327.93673678226236,-0.12326321773764448,0.12326321773764448
410.83,409.72390624999963,-1.1060937500003547,1.1060937500003547
215.07,213.12350515463913,-1.94649484536086,1.94649484536086
515.24,567.8016379310343,52.561637931034284,52.561637931034284
361.64,327.93673678226236,-33.70326321773763,33.70326321773763
557.54,612.7175714285714,55.17757142857147,55.17757142857147
185.37,207.02494505494516,21.65494505494516,21.65494505494516
308.69,327.93673678226236,19.24673678226236,19.24673678226236
827.63,845.1543200000001,17.524320000000102,17.524320000000102
995.53,1073.1964705882356,77.6664705882356,77.6664705882356
358.68,359.7091542288557,1.0291542288557025,1.0291542288557025
130.37,143.82573248407644,13.455732484076435,13.455732484076435
514.69,494.9436023054754,-19.74639769452466,19.74639769452466
303.7,327.93673678226236,24.23673678226237,24.23673678226237
367.21,327.93673678226236,-39.27326321773762,39.27326321773762
1048.79,1073.1964705882356,24.406470588235607,24.406470588235607
753.2,738.588116591928,-14.611883408072003,14.611883408072003
844.65,886.0993953488371,41.44939534883713,41.44939534883713
265.04,213.12350515463913,-51.91649484536089,51.91649484536089
154.73,143.82573248407644,-10.90426751592355,10.90426751592355
497.54,494.9436023054754,-2.596397694524626,2.596397694524626
322.49,327.93673678226236,5.446736782262349,5.446736782262349
1134.1,1164.4222905027937,30.32229050279375,30.32229050279375
279.7,327.93673678226236,48.23673678226237,48.23673678226237
1407.96,1340.9816494845363,-66.97835051546372,66.97835051546372
424.14,444.9838309859156,20.843830985915588,20.843830985915588
262.61,228.09388601036278,-34.51611398963723,34.51611398963723
405.96,515.8394273127752,109.87942731277525,109.87942731277525
537.76,567.8016379310343,30.041637931034302,30.041637931034302
414.2,409.72390624999963,-4.476093750000359,4.476093750000359
436.49,327.93673678226236,-108.55326321773765,108.55326321773765
949.69,886.0993953488371,-63.59060465116295,63.59060465116295
474.56,327.93673678226236,-146.62326321773764,146.62326321773764
152.8,143.82573248407644,-8.974267515923572,8.974267515923572
618.74,567.8016379310343,-50.938362068965716,50.938362068965716
679.85,612.7175714285714,-67.13242857142859,67.13242857142859
455.48,327.93673678226236,-127.54326321773766,127.54326321773766
218.15,207.02494505494516,-11.125054945054842,11.125054945054842
275.38,327.93673678226236,52.55673678226236,52.55673678226236
329.92,327.93673678226236,-1.9832632177376581,1.9832632177376581
248.65,359.7091542288557,111.0591542288557,111.0591542288557
1127.55,1164.4222905027937,36.8722905027937,36.8722905027937
565.74,567.8016379310343,2.0616379310342836,2.0616379310342836
737.16,738.588116591928,1.4281165919280738,1.4281165919280738
326.66,327.93673678226236,1.2767367822623328,1.2767367822623328
1249.12,1291.8594845360826,42.73948453608273,42.73948453608273
865.79,781.9848087431695,-83.80519125683043,83.80519125683043
388.11,409.72390624999963,21.613906249999616,21.613906249999616
331.34,327.93673678226236,-3.403263217737617,3.403263217737617
236.6,327.93673678226236,91.33673678226236,91.33673678226236
221.06,228.09388601036278,7.033886010362778,7.033886010362778
633.09,612.7175714285714,-20.3724285714286,20.3724285714286
297.6,327.93673678226236,30.336736782262335,30.336736782262335
428.95,409.72390624999963,-19.22609375000036,19.22609375000036
480.06,494.9436023054754,14.883602305475392,14.883602305475392
466.85,494.9436023054754,28.093602305475372,28.093602305475372
633.33,612.7175714285714,-20.61242857142861,20.61242857142861
375.88,409.72390624999963,33.843906249999634,33.843906249999634
607.03,612.7175714285714,5.687571428571459,5.687571428571459
666.16,677.6855932203392,11.52559322033926,11.52559322033926
584.74,612.7175714285714,27.977571428571423,27.977571428571423
501.43,444.9838309859156,-56.44616901408443,56.44616901408443
338.25,327.93673678226236,-10.313263217737642,10.313263217737642
549.56,444.9838309859156,-104.57616901408437,104.57616901408437
189.45,213.12350515463913,23.673505154639145,23.673505154639145
638.02,612.7175714285714,-25.30242857142855,25.30242857142855
1410.7,1427.7572549019608,17.057254901960732,17.057254901960732
313.94,327.93673678226236,13.99673678226236,13.99673678226236
1082.71,1029.0572463768117,-53.652753623188346,53.652753623188346
1015.61,973.5841666666663,-42.02583333333371,42.02583333333371
405.37,444.9838309859156,39.61383098591557,39.61383098591557
100.29,143.82573248407644,43.53573248407643,43.53573248407643
396.9,327.93673678226236,-68.96326321773762,68.96326321773762
705.08,680.6578082191782,-24.42219178082189,24.42219178082189
384.47,444.9838309859156,60.51383098591555,60.51383098591555
544.5,567.8016379310343,23.301637931034293,23.301637931034293
473.57,494.9436023054754,21.3736023054754,21.3736023054754
638.83,677.6855932203392,38.85559322033919,38.85559322033919
360.77,444.9838309859156,84.21383098591559,84.21383098591559
1449.59,1529.4646031746036,79.87460317460364,79.87460317460364
366.03,327.93673678226236,-38.093263217737615,38.093263217737615
148.64,103.37525806451639,-45.2647419354836,45.2647419354836
107.88,103.37525806451639,-4.504741935483608,4.504741935483608
777.5,781.9848087431695,4.484808743169538,4.484808743169538
221.38,150.52294372294378,-70.85705627705622,70.85705627705622
143.06,143.82573248407644,0.7657324840764375,0.7657324840764375
557.98,494.9436023054754,-63.036397694524624,63.036397694524624
1021.09,1164.4222905027937,143.33229050279363,143.33229050279363
380.08,327.93673678226236,-52.143263217737626,52.143263217737626
427.58,409.72390624999963,-17.856093750000355,17.856093750000355
149.94,207.02494505494516,57.084945054945166,57.084945054945166
499.62,515.8394273127752,16.219427312775224,16.219427312775224
591.36,567.8016379310343,-23.55836206896572,23.55836206896572
1456.01,1427.7572549019608,-28.252745098039213,28.252745098039213
346.12,327.93673678226236,-18.183263217737647,18.183263217737647
1224.33,1291.8594845360826,67.52948453608269,67.52948453608269
67.06,103.37525806451639,36.315258064516385,36.315258064516385
656.46,680.6578082191782,24.197808219178114,24.197808219178114
355.7,327.93673678226236,-27.76326321773763,27.76326321773763
926.8,845.1543200000001,-81.64567999999986,81.64567999999986
720.45,781.9848087431695,61.53480874316949,61.53480874316949
429.33,515.8394273127752,86.50942731277524,86.50942731277524
383.61,327.93673678226236,-55.673263217737656,55.673263217737656
592.5,612.7175714285714,20.217571428571432,20.217571428571432
373.11,409.72390624999963,36.613906249999616,36.613906249999616
199.31,213.12350515463913,13.813505154639131,13.813505154639131
358.05,327.93673678226236,-30.113263217737654,30.113263217737654
1083.58,1029.0572463768117,-54.52275362318824,54.52275362318824
1068.09,1073.1964705882356,5.106470588235652,5.106470588235652
237.1,228.09388601036278,-9.006113989637214,9.006113989637214
337.58,327.93673678226236,-9.643263217737626,9.643263217737626
260.99,239.16341379310356,-21.82658620689645,21.82658620689645
1526.17,1529.4646031746036,3.2946031746034805,3.2946031746034805
598.71,567.8016379310343,-30.908362068965744,30.908362068965744
443.01,444.9838309859156,1.9738309859155834,1.9738309859155834
1151.9,1164.4222905027937,12.522290502793567,12.522290502793567
310.06,327.93673678226236,17.876736782262356,17.876736782262356
203.73,207.02494505494516,3.294945054945174,3.294945054945174
256.12,239.16341379310356,-16.956586206896446,16.956586206896446
261.7,239.16341379310356,-22.53658620689643,22.53658620689643
1092.01,1164.4222905027937,72.41229050279367,72.41229050279367
663.05,567.8016379310343,-95.24836206896566,95.24836206896566
654.92,738.588116591928,83.66811659192808,83.66811659192808
379.64,327.93673678226236,-51.70326321773763,51.70326321773763
295.28,327.93673678226236,32.656736782262385,32.656736782262385
273.96,327.93673678226236,53.97673678226238,53.97673678226238
74.37,103.37525806451639,29.005258064516383,29.005258064516383
1358.97,1291.8594845360826,-67.11051546391741,67.11051546391741
412.34,327.93673678226236,-84.40326321773762,84.40326321773762
1462.36,1427.7572549019608,-34.60274509803912,34.60274509803912
304.24,327.93673678226236,23.69673678226235,23.69673678226235
1183.84,1164.4222905027937,-19.41770949720626,19.41770949720626
558.9,612.7175714285714,53.817571428571455,53.817571428571455
654.45,677.6855932203392,23.235593220339183,23.235593220339183
838.35,886.0993953488371,47.74939534883708,47.74939534883708
282.58,327.93673678226236,45.356736782262374,45.356736782262374
235.4,239.16341379310356,3.7634137931035525,3.7634137931035525
390.26,327.93673678226236,-62.32326321773763,62.32326321773763
129.81,207.02494505494516,77.21494505494516,77.21494505494516
382.6,327.93673678226236,-54.663263217737665,54.663263217737665
250.39,239.16341379310356,-11.226586206896428,11.226586206896428
583.65,567.8016379310343,-15.848362068965685,15.848362068965685
128.45,143.82573248407644,15.375732484076451,15.375732484076451
940.92,973.5841666666663,32.66416666666635,32.66416666666635
820.32,781.9848087431695,-38.33519125683051,38.33519125683051
1328.97,1340.9816494845363,12.011649484536292,12.011649484536292
67.06,103.37525806451639,36.315258064516385,36.315258064516385
138.98,207.02494505494516,68.04494505494517,68.04494505494517
299.91,327.93673678226236,28.026736782262333,28.026736782262333
269.93,327.93673678226236,58.00673678226235,58.00673678226235
239.47,228.09388601036278,-11.376113989637219,11.376113989637219
524.08,494.9436023054754,-29.136397694524646,29.136397694524646
676.03,612.7175714285714,-63.31242857142854,63.31242857142854
729.23,677.6855932203392,-51.54440677966079,51.54440677966079
277.01,327.93673678226236,50.92673678226237,50.92673678226237
971.85,1029.0572463768117,57.20724637681167,57.20724637681167
649.07,680.6578082191782,31.5878082191781,31.5878082191781
527.5,327.93673678226236,-199.56326321773764,199.56326321773764
629.56,677.6855932203392,48.12559322033928,48.12559322033928
358.64,327.93673678226236,-30.70326321773763,30.70326321773763
1202.35,1164.4222905027937,-37.92770949720625,37.92770949720625
634.76,680.6578082191782,45.89780821917816,45.89780821917816
196.85,228.09388601036278,31.243886010362786,31.243886010362786
356.07,327.93673678226236,-28.133263217737635,28.133263217737635
522.51,567.8016379310343,45.2916379310343,45.2916379310343
571.74,494.9436023054754,-76.79639769452461,76.79639769452461
837.2,781.9848087431695,-55.21519125683051,55.21519125683051
768.84,886.0993953488371,117.25939534883707,117.25939534883707
365.09,444.9838309859156,79.8938309859156,79.8938309859156
296.06,327.93673678226236,31.876736782262356,31.876736782262356
303.51,327.93673678226236,24.426736782262367,24.426736782262367
1365.69,1340.9816494845363,-24.708350515463735,24.708350515463735
191.35,213.12350515463913,21.77350515463914,21.77350515463914
474.03,444.9838309859156,-29.0461690140844,29.0461690140844
436.85,327.93673678226236,-108.91326321773766,108.91326321773766
739.78,738.588116591928,-1.1918834080719307,1.1918834080719307
242.18,213.12350515463913,-29.056494845360874,29.056494845360874
312.35,444.9838309859156,132.63383098591555,132.63383098591555
367.72,359.7091542288557,-8.010845771144318,8.010845771144318
1000.94,954.9433707865164,-45.99662921348363,45.99662921348363
514.01,612.7175714285714,98.70757142857144,98.70757142857144
220.34,228.09388601036278,7.753886010362777,7.753886010362777
226.72,207.02494505494516,-19.695054945054835,19.695054945054835
85.65,103.37525806451639,17.72525806451638,17.72525806451638
734.32,738.588116591928,4.268116591927992,4.268116591927992
554.19,494.9436023054754,-59.24639769452466,59.24639769452466
623.98,612.7175714285714,-11.262428571428586,11.262428571428586
601.1,612.7175714285714,11.61757142857141,11.61757142857141
204.61,207.02494505494516,2.41494505494515,2.41494505494515
165.04,207.02494505494516,41.98494505494517,41.98494505494517
67.06,103.37525806451639,36.315258064516385,36.315258064516385
568.62,494.9436023054754,-73.67639769452461,73.67639769452461
336.83,327.93673678226236,-8.893263217737626,8.893263217737626
216.84,327.93673678226236,111.09673678226235,111.09673678226235
408.03,327.93673678226236,-80.09326321773761,80.09326321773761
1137.65,1073.1964705882356,-64.45352941176452,64.45352941176452
369.78,409.72390624999963,39.94390624999966,39.94390624999966
782.68,845.1543200000001,62.47432000000015,62.47432000000015
1423.63,1427.7572549019608,4.127254901960669,4.127254901960669
1669.71,1731.3535714285713,61.64357142857125,61.64357142857125
568.74,515.8394273127752,-52.90057268722478,52.90057268722478
186.18,213.12350515463913,26.943505154639126,26.943505154639126
632.34,567.8016379310343,-64.53836206896574,64.53836206896574
343.08,327.93673678226236,-15.143263217737626,15.143263217737626
850.42,886.0993953488371,35.67939534883715,35.67939534883715
202.39,150.52294372294378,-51.86705627705621,51.86705627705621
478.82,409.72390624999963,-69.09609375000036,69.09609375000036
222.75,228.09388601036278,5.34388601036278,5.34388601036278
516.03,444.9838309859156,-71.0461690140844,71.0461690140844
165.52,207.02494505494516,41.50494505494515,41.50494505494515
835.6,738.588116591928,-97.01188340807198,97.01188340807198
816.77,781.9848087431695,-34.785191256830444,34.785191256830444
504.08,444.9838309859156,-59.09616901408441,59.09616901408441
191.48,150.52294372294378,-40.95705627705621,40.95705627705621
128.67,150.52294372294378,21.85294372294379,21.85294372294379
391.06,359.7091542288557,-31.350845771144293,31.350845771144293
237.45,327.93673678226236,90.48673678226237,90.48673678226237
173.16,150.52294372294378,-22.637056277056217,22.637056277056217
1140.51,1073.1964705882356,-67.31352941176442,67.31352941176442
437.43,444.9838309859156,7.5538309859155675,7.5538309859155675
368.05,359.7091542288557,-8.340845771144302,8.340845771144302
289.35,327.93673678226236,38.586736782262335,38.586736782262335
951.53,973.5841666666663,22.054166666666333,22.054166666666333
427.72,409.72390624999963,-17.996093750000398,17.996093750000398
160.84,207.02494505494516,46.18494505494516,46.18494505494516
393.21,327.93673678226236,-65.27326321773762,65.27326321773762
202.54,207.02494505494516,4.484945054945172,4.484945054945172
553.92,494.9436023054754,-58.976397694524564,58.976397694524564
1137.1,1164.4222905027937,27.32229050279375,27.32229050279375
128.37,207.02494505494516,78.65494505494516,78.65494505494516
557.9,612.7175714285714,54.817571428571455,54.817571428571455
1409.58,1427.7572549019608,18.17725490196085,18.17725490196085
103.55,143.82573248407644,40.27573248407644,40.27573248407644
231.98,228.09388601036278,-3.8861139896372094,3.8861139896372094
334.88,327.93673678226236,-6.943263217737638,6.943263217737638
500.21,567.8016379310343,67.59163793103431,67.59163793103431
425.89,444.9838309859156,19.093830985915588,19.093830985915588
373.87,327.93673678226236,-45.93326321773765,45.93326321773765
76.61,103.37525806451639,26.765258064516388,26.765258064516388
450.97,444.9838309859156,-5.986169014084453,5.986169014084453
695.71,677.6855932203392,-18.024406779660808,18.024406779660808
374.65,327.93673678226236,-46.71326321773762,46.71326321773762
304.78,327.93673678226236,23.156736782262385,23.156736782262385
302.15,327.93673678226236,25.78673678226238,25.78673678226238
769.13,781.9848087431695,12.854808743169542,12.854808743169542
495.31,567.8016379310343,72.49163793103429,72.49163793103429
373.46,327.93673678226236,-45.52326321773762,45.52326321773762
422.93,359.7091542288557,-63.2208457711443,63.2208457711443
325.56,327.93673678226236,2.3767367822623555,2.3767367822623555
422.68,409.72390624999963,-12.956093750000377,12.956093750000377
285.97,327.93673678226236,41.96673678226233,41.96673678226233
780.95,738.588116591928,-42.361883408072,42.361883408072
360.27,359.7091542288557,-0.5608457711442725,0.5608457711442725
862.03,886.0993953488371,24.069395348837133,24.069395348837133
343.27,327.93673678226236,-15.333263217737624,15.333263217737624
768.95,781.9848087431695,13.034808743169492,13.034808743169492
216.29,213.12350515463913,-3.166494845360859,3.166494845360859
248.62,213.12350515463913,-35.49649484536087,35.49649484536087
1307.87,1291.8594845360826,-16.010515463917272,16.010515463917272
331.8,327.93673678226236,-3.8632632177376536,3.8632632177376536
501.62,444.9838309859156,-56.63616901408443,56.63616901408443
67.06,103.37525806451639,36.315258064516385,36.315258064516385
345.61,327.93673678226236,-17.673263217737656,17.673263217737656
238.82,207.02494505494516,-31.79505494505483,31.79505494505483
600.47,567.8016379310343,-32.668362068965735,32.668362068965735
550.33,409.72390624999963,-140.6060937500004,140.6060937500004
220.51,207.02494505494516,-13.485054945054827,13.485054945054827
888.24,886.0993953488371,-2.140604651162903,2.140604651162903
476.75,444.9838309859156,-31.766169014084426,31.766169014084426
561.08,612.7175714285714,51.63757142857139,51.63757142857139
496.09,494.9436023054754,-1.1463976945245804,1.1463976945245804
389.67,327.93673678226236,-61.73326321773766,61.73326321773766
122.19,150.52294372294378,28.33294372294378,28.33294372294378
327.17,327.93673678226236,0.7667367822623419,0.7667367822623419
1129.5,1164.4222905027937,34.92229050279366,34.92229050279366
301.7,327.93673678226236,26.23673678226237,26.23673678226237
564.26,567.8016379310343,3.541637931034302,3.541637931034302
779.49,781.9848087431695,2.4948087431695285,2.4948087431695285
275.74,327.93673678226236,52.19673678226235,52.19673678226235
1259.05,1164.4222905027937,-94.6277094972063,94.6277094972063
339.54,359.7091542288557,20.16915422885569,20.16915422885569
328.42,327.93673678226236,-0.4832632177376581,0.4832632177376581
413.76,327.93673678226236,-85.82326321773763,85.82326321773763
654.76,612.7175714285714,-42.04242857142856,42.04242857142856
417.83,359.7091542288557,-58.120845771144275,58.120845771144275
261.08,207.02494505494516,-54.05505494505482,54.05505494505482
361.98,327.93673678226236,-34.04326321773766,34.04326321773766
426.94,409.72390624999963,-17.21609375000037,17.21609375000037
1387.71,1340.9816494845363,-46.72835051546372,46.72835051546372
474.77,444.9838309859156,-29.786169014084408,29.786169014084408
260.25,213.12350515463913,-47.12649484536087,47.12649484536087
468.46,359.7091542288557,-108.75084577114427,108.75084577114427
326.01,327.93673678226236,1.9267367822623669,1.9267367822623669
79.92,103.37525806451639,23.455258064516386,23.455258064516386
284.2,327.93673678226236,43.73673678226237,43.73673678226237
123.04,143.82573248407644,20.785732484076433,20.785732484076433
158.67,150.52294372294378,-8.147056277056208,8.147056277056208
1018.01,1029.0572463768117,11.0472463768117,11.0472463768117
453.36,409.72390624999963,-43.636093750000384,43.636093750000384
361.44,327.93673678226236,-33.50326321773764,33.50326321773764
1456.85,1529.4646031746036,72.61460317460364,72.61460317460364
251.52,239.16341379310356,-12.356586206896452,12.356586206896452
170.73,143.82573248407644,-26.90426751592355,26.90426751592355
199.74,103.37525806451639,-96.36474193548362,96.36474193548362
508.9,494.9436023054754,-13.956397694524583,13.956397694524583
116.36,150.52294372294378,34.16294372294378,34.16294372294378
305.78,327.93673678226236,22.156736782262385,22.156736782262385
900.12,886.0993953488371,-14.020604651162898,14.020604651162898
563.05,612.7175714285714,49.66757142857148,49.66757142857148
940.3,954.9433707865164,14.64337078651647,14.64337078651647
772.66,845.1543200000001,72.49432000000013,72.49432000000013
464.96,409.72390624999963,-55.23609375000035,55.23609375000035
487.55,327.93673678226236,-159.61326321773765,159.61326321773765
701.34,612.7175714285714,-88.6224285714286,88.6224285714286
281.02,327.93673678226236,46.916736782262376,46.916736782262376
727.57,680.6578082191782,-46.9121917808219,46.9121917808219
203.79,239.16341379310356,35.373413793103566,35.373413793103566
211.89,207.02494505494516,-4.865054945054823,4.865054945054823
361.84,327.93673678226236,-33.90326321773762,33.90326321773762
339.26,327.93673678226236,-11.323263217737633,11.323263217737633
319.89,327.93673678226236,8.046736782262371,8.046736782262371
162.65,150.52294372294378,-12.127056277056226,12.127056277056226
100.79,103.37525806451639,2.585258064516381,2.585258064516381
361.47,409.72390624999963,48.2539062499996,48.2539062499996
312.71,327.93673678226236,15.226736782262378,15.226736782262378
167.96,207.02494505494516,39.064945054945156,39.064945054945156
1294.77,1340.9816494845363,46.21164948453634,46.21164948453634
584.38,515.8394273127752,-68.54057268722477,68.54057268722477
163.14,143.82573248407644,-19.314267515923547,19.314267515923547
738.85,612.7175714285714,-126.13242857142859,126.13242857142859
653.78,677.6855932203392,23.905593220339256,23.905593220339256
1019.91,1073.1964705882356,53.2864705882356,53.2864705882356
350.68,409.72390624999963,59.04390624999962,59.04390624999962
260.89,213.12350515463913,-47.76649484536085,47.76649484536085
696.05,677.6855932203392,-18.364406779660726,18.364406779660726
268.27,327.93673678226236,59.666736782262376,59.666736782262376
101.46,143.82573248407644,42.365732484076446,42.365732484076446
560.26,612.7175714285714,52.45757142857144,52.45757142857144
204.67,207.02494505494516,2.3549450549451763,2.3549450549451763
1152.73,1164.4222905027937,11.69229050279364,11.69229050279364
814.96,845.1543200000001,30.19432000000006,30.19432000000006
327.78,327.93673678226236,0.15673678226238508,0.15673678226238508
206.78,207.02494505494516,0.2449450549451626,0.2449450549451626
422.29,444.9838309859156,22.693830985915554,22.693830985915554
537.46,494.9436023054754,-42.51639769452464,42.51639769452464
782.12,781.9848087431695,-0.13519125683046695,0.13519125683046695
203.21,207.02494505494516,3.814945054945156,3.814945054945156
315.3,327.93673678226236,12.636736782262346,12.636736782262346
568.22,515.8394273127752,-52.3805726872248,52.3805726872248
679.06,677.6855932203392,-1.374406779660717,1.374406779660717
1240.81,1340.9816494845363,100.17164948453637,100.17164948453637
521.84,444.9838309859156,-76.85616901408446,76.85616901408446
691.05,738.588116591928,47.53811659192809,47.53811659192809
424.32,409.72390624999963,-14.596093750000364,14.596093750000364
1386.96,1291.8594845360826,-95.10051546391742,95.10051546391742
230.46,207.02494505494516,-23.435054945054844,23.435054945054844
851.22,886.0993953488371,34.87939534883708,34.87939534883708
1055.25,1073.1964705882356,17.94647058823557,17.94647058823557
1187.38,1224.1342156862747,36.75421568627462,36.75421568627462
806.35,738.588116591928,-67.76188340807198,67.76188340807198
996.7,1029.0572463768117,32.357246376811645,32.357246376811645
563.44,612.7175714285714,49.27757142857138,49.27757142857138
574.57,567.8016379310343,-6.768362068965757,6.768362068965757
414.79,444.9838309859156,30.193830985915554,30.193830985915554
575.02,494.9436023054754,-80.07639769452459,80.07639769452459
105.16,143.82573248407644,38.66573248407644,38.66573248407644
463.81,494.9436023054754,31.133602305475392,31.133602305475392
227.73,327.93673678226236,100.20673678226237,100.20673678226237
871.86,845.1543200000001,-26.705679999999916,26.705679999999916
248.76,239.16341379310356,-9.596586206896433,9.596586206896433
435.59,515.8394273127752,80.24942731277525,80.24942731277525
281.25,359.7091542288557,78.45915422885571,78.45915422885571
506.15,494.9436023054754,-11.206397694524583,11.206397694524583
421.05,494.9436023054754,73.89360230547538,73.89360230547538
137.82,143.82573248407644,6.0057324840764466,6.0057324840764466
1156.36,1224.1342156862747,67.77421568627483,67.77421568627483
295.71,327.93673678226236,32.22673678226238,32.22673678226238
614.04,567.8016379310343,-46.23836206896567,46.23836206896567
796.3,781.9848087431695,-14.315191256830417,14.315191256830417
357.32,327.93673678226236,-29.383263217737635,29.383263217737635
319.92,327.93673678226236,8.016736782262342,8.016736782262342
911.33,886.0993953488371,-25.230604651162935,25.230604651162935
654.36,612.7175714285714,-41.64242857142858,41.64242857142858
812.25,845.1543200000001,32.9043200000001,32.9043200000001
231.6,228.09388601036278,-3.506113989637214,3.506113989637214
258.83,239.16341379310356,-19.666586206896426,19.666586206896426
267.91,228.09388601036278,-39.816113989637245,39.816113989637245
411.95,409.72390624999963,-2.2260937500003593,2.2260937500003593
1048.28,1029.0572463768117,-19.222753623188282,19.222753623188282
106.31,103.37525806451639,-2.934741935483615,2.934741935483615
223.94,213.12350515463913,-10.816494845360864,10.816494845360864
335.78,327.93673678226236,-7.843263217737615,7.843263217737615
230.62,239.16341379310356,8.543413793103554,8.543413793103554
796.39,781.9848087431695,-14.405191256830449,14.405191256830449
281.12,327.93673678226236,46.81673678226235,46.81673678226235
563.71,567.8016379310343,4.091637931034256,4.091637931034256
280.14,327.93673678226236,47.79673678226237,47.79673678226237
294.25,327.93673678226236,33.68673678226236,33.68673678226236
67.06,150.52294372294378,83.46294372294378,83.46294372294378
207.42,207.02494505494516,-0.39505494505482375,0.39505494505482375
886.63,781.9848087431695,-104.64519125683046,104.64519125683046
1191.58,1164.4222905027937,-27.15770949720627,27.15770949720627
1312.26,1224.1342156862747,-88.12578431372526,88.12578431372526
501.57,327.93673678226236,-173.63326321773764,173.63326321773764
433.42,359.7091542288557,-73.7108457711443,73.7108457711443
887.86,886.0993953488371,-1.7606046511629074,1.7606046511629074
774.99,781.9848087431695,6.9948087431695285,6.9948087431695285
203.97,143.82573248407644,-60.14426751592356,60.14426751592356
1386.77,1427.7572549019608,40.987254901960796,40.987254901960796
902.67,886.0993953488371,-16.570604651162853,16.570604651162853
383.92,327.93673678226236,-55.98326321773766,55.98326321773766
213.55,207.02494505494516,-6.525054945054848,6.525054945054848
425.13,409.72390624999963,-15.406093750000366,15.406093750000366
445.09,494.9436023054754,49.85360230547542,49.85360230547542
737.12,781.9848087431695,44.86480874316953,44.86480874316953
646.0,612.7175714285714,-33.28242857142857,33.28242857142857
785.88,781.9848087431695,-3.895191256830458,3.895191256830458
1112.56,1073.1964705882356,-39.363529411764375,39.363529411764375
860.14,886.0993953488371,25.95939534883712,25.95939534883712
556.29,494.9436023054754,-61.34639769452457,61.34639769452457
309.0,327.93673678226236,18.936736782262358,18.936736782262358
345.09,327.93673678226236,-17.153263217737617,17.153263217737617
254.74,143.82573248407644,-110.91426751592357,110.91426751592357
907.32,954.9433707865164,47.623370786516375,47.623370786516375
412.84,444.9838309859156,32.1438309859156,32.1438309859156
256.35,207.02494505494516,-49.32505494505486,49.32505494505486
919.81,973.5841666666663,53.77416666666636,53.77416666666636
1214.04,1164.4222905027937,-49.617709497206306,49.617709497206306
434.44,494.9436023054754,60.5036023054754,60.5036023054754
1340.13,1291.8594845360826,-48.27051546391749,48.27051546391749
221.15,207.02494505494516,-14.125054945054842,14.125054945054842
215.39,207.02494505494516,-8.365054945054823,8.365054945054823
512.99,494.9436023054754,-18.046397694524615,18.046397694524615
227.49,207.02494505494516,-20.465054945054845,20.465054945054845
579.08,494.9436023054754,-84.13639769452465,84.13639769452465
198.45,207.02494505494516,8.574945054945175,8.574945054945175
197.99,327.93673678226236,129.94673678226235,129.94673678226235
425.99,444.9838309859156,18.993830985915565,18.993830985915565
252.91,228.09388601036278,-24.816113989637216,24.816113989637216
491.45,494.9436023054754,3.493602305475406,3.493602305475406
330.73,327.93673678226236,-2.7932632177376604,2.7932632177376604
595.87,567.8016379310343,-28.068362068965712,28.068362068965712
798.22,738.588116591928,-59.631883408071985,59.631883408071985
1218.59,1224.1342156862747,5.544215686274811,5.544215686274811
440.69,567.8016379310343,127.1116379310343,127.1116379310343
367.51,327.93673678226236,-39.57326321773763,39.57326321773763
286.59,327.93673678226236,41.34673678226238,41.34673678226238
69.98,143.82573248407644,73.84573248407644,73.84573248407644
265.35,228.09388601036278,-37.25611398963724,37.25611398963724
1058.47,1029.0572463768117,-29.412753623188337,29.412753623188337
67.06,103.37525806451639,36.315258064516385,36.315258064516385
444.27,327.93673678226236,-116.33326321773762,116.33326321773762
737.08,680.6578082191782,-56.42219178082189,56.42219178082189
236.35,239.16341379310356,2.813413793103564,2.813413793103564
762.41,738.588116591928,-23.821883408071926,23.821883408071926
414.63,359.7091542288557,-54.920845771144286,54.920845771144286
298.46,327.93673678226236,29.47673678226238,29.47673678226238
347.05,409.72390624999963,62.67390624999962,62.67390624999962
386.95,327.93673678226236,-59.01326321773763,59.01326321773763
1088.1,1073.1964705882356,-14.903529411764339,14.903529411764339
233.67,239.16341379310356,5.493413793103571,5.493413793103571
1144.06,1164.4222905027937,20.362290502793712,20.362290502793712
123.47,143.82573248407644,20.35573248407644,20.35573248407644
858.1,845.1543200000001,-12.945679999999925,12.945679999999925
399.27,327.93673678226236,-71.33326321773762,71.33326321773762
212.57,327.93673678226236,115.36673678226236,115.36673678226236
291.4,327.93673678226236,36.53673678226238,36.53673678226238
468.7,409.72390624999963,-58.97609375000036,58.97609375000036
404.8,409.72390624999963,4.923906249999618,4.923906249999618
324.52,327.93673678226236,3.416736782262376,3.416736782262376
295.23,327.93673678226236,32.70673678226234,32.70673678226234
644.23,677.6855932203392,33.45559322033921,33.45559322033921
231.41,228.09388601036278,-3.3161139896372163,3.3161139896372163
610.64,612.7175714285714,2.0775714285714457,2.0775714285714457
596.85,567.8016379310343,-29.04836206896573,29.04836206896573
1346.62,1340.9816494845363,-5.638350515463571,5.638350515463571
162.2,150.52294372294378,-11.67705627705621,11.67705627705621
284.3,327.93673678226236,43.636736782262346,43.636736782262346
720.6,738.588116591928,17.98811659192802,17.98811659192802
600.52,612.7175714285714,12.19757142857145,12.19757142857145
284.63,327.93673678226236,43.30673678226236,43.30673678226236
261.07,239.16341379310356,-21.906586206896435,21.906586206896435
367.06,359.7091542288557,-7.350845771144293,7.350845771144293
736.15,738.588116591928,2.4381165919280647,2.4381165919280647
642.05,677.6855932203392,35.635593220339274,35.635593220339274
551.37,515.8394273127752,-35.530572687224776,35.530572687224776
1325.83,1224.1342156862747,-101.6957843137252,101.6957843137252
560.83,567.8016379310343,6.971637931034252,6.971637931034252
495.93,515.8394273127752,19.90942731277522,19.90942731277522
67.06,103.37525806451639,36.315258064516385,36.315258064516385
328.49,327.93673678226236,-0.5532632177376513,0.5532632177376513
243.15,228.09388601036278,-15.056113989637225,15.056113989637225
142.28,213.12350515463913,70.84350515463913,70.84350515463913
308.74,327.93673678226236,19.19673678226235,19.19673678226235
271.58,207.02494505494516,-64.55505494505482,64.55505494505482
1205.5,1164.4222905027937,-41.07770949720634,41.07770949720634
345.49,327.93673678226236,-17.55326321773765,17.55326321773765
302.04,327.93673678226236,25.896736782262337,25.896736782262337
333.33,359.7091542288557,26.379154228855725,26.379154228855725
385.19,494.9436023054754,109.7536023054754,109.7536023054754
870.98,845.1543200000001,-25.82567999999992,25.82567999999992
205.05,228.09388601036278,23.04388601036277,23.04388601036277
703.97,677.6855932203392,-26.2844067796608,26.2844067796608
67.06,103.37525806451639,36.315258064516385,36.315258064516385
1455.12,1427.7572549019608,-27.362745098039113,27.362745098039113
635.68,612.7175714285714,-22.962428571428518,22.962428571428518
363.16,409.72390624999963,46.563906249999604,46.563906249999604
547.82,515.8394273127752,-31.98057268722482,31.98057268722482
182.81,103.37525806451639,-79.43474193548361,79.43474193548361
296.0,327.93673678226236,31.936736782262358,31.936736782262358
788.45,781.9848087431695,-6.465191256830508,6.465191256830508
425.37,444.9838309859156,19.61383098591557,19.61383098591557
318.48,327.93673678226236,9.45673678226234,9.45673678226234
277.48,327.93673678226236,50.45673678226234,50.45673678226234
167.6,103.37525806451639,-64.2247419354836,64.2247419354836
442.69,444.9838309859156,2.2938309859155765,2.2938309859155765
592.12,567.8016379310343,-24.318362068965712,24.318362068965712
210.08,207.02494505494516,-3.0550549450548488,3.0550549450548488
200.97,213.12350515463913,12.153505154639134,12.153505154639134
329.64,327.93673678226236,-1.7032632177376286,1.7032632177376286
355.9,359.7091542288557,3.809154228855732,3.809154228855732
602.39,612.7175714285714,10.327571428571446,10.327571428571446
307.32,327.93673678226236,20.616736782262365,20.616736782262365
463.0,515.8394273127752,52.83942731277523,52.83942731277523
742.69,677.6855932203392,-65.00440677966083,65.00440677966083
611.5,612.7175714285714,1.217571428571432,1.217571428571432
234.15,239.16341379310356,5.0134137931035525,5.0134137931035525
890.4,845.1543200000001,-45.24567999999988,45.24567999999988
785.54,738.588116591928,-46.95188340807192,46.95188340807192
734.63,738.588116591928,3.9581165919280465,3.9581165919280465
417.62,327.93673678226236,-89.68326321773765,89.68326321773765
396.86,327.93673678226236,-68.92326321773766,68.92326321773766
993.64,1029.0572463768117,35.417246376811704,35.417246376811704
439.4,409.72390624999963,-29.676093750000348,29.676093750000348
81.27,150.52294372294378,69.25294372294378,69.25294372294378
169.94,207.02494505494516,37.084945054945166,37.084945054945166
378.65,409.72390624999963,31.073906249999652,31.073906249999652
163.06,207.02494505494516,43.96494505494516,43.96494505494516
798.8,845.1543200000001,46.35432000000014,46.35432000000014
250.27,213.12350515463913,-37.14649484536088,37.14649484536088
497.12,494.9436023054754,-2.17639769452461,2.17639769452461
968.01,954.9433707865164,-13.066629213483566,13.066629213483566
739.19,677.6855932203392,-61.504406779660826,61.504406779660826
341.0,327.93673678226236,-13.063263217737642,13.063263217737642
472.57,409.72390624999963,-62.846093750000364,62.846093750000364
459.29,409.72390624999963,-49.56609375000039,49.56609375000039
707.76,738.588116591928,30.82811659192805,30.82811659192805
939.27,973.5841666666663,34.314166666666324,34.314166666666324
673.75,567.8016379310343,-105.94836206896571,105.94836206896571
256.27,213.12350515463913,-43.14649484536085,43.14649484536085
443.15,409.72390624999963,-33.42609375000035,33.42609375000035
303.81,327.93673678226236,24.126736782262356,24.126736782262356
591.44,612.7175714285714,21.277571428571378,21.277571428571378
551.51,494.9436023054754,-56.566397694524596,56.566397694524596
249.86,143.82573248407644,-106.03426751592357,106.03426751592357
486.94,494.9436023054754,8.003602305475397,8.003602305475397
274.47,327.93673678226236,53.46673678226233,53.46673678226233
375.24,409.72390624999963,34.48390624999962,34.48390624999962
227.7,213.12350515463913,-14.576494845360855,14.576494845360855
461.89,515.8394273127752,53.94942731277524,53.94942731277524
67.06,143.82573248407644,76.76573248407644,76.76573248407644
170.57,150.52294372294378,-20.047056277056214,20.047056277056214
153.63,143.82573248407644,-9.804267515923556,9.804267515923556
1323.64,1340.9816494845363,17.34164948453622,17.34164948453622
481.1,567.8016379310343,86.70163793103427,86.70163793103427
188.67,213.12350515463913,24.453505154639146,24.453505154639146
450.61,444.9838309859156,-5.626169014084439,5.626169014084439
1203.81,1224.1342156862747,20.324215686274783,20.324215686274783
433.73,409.72390624999963,-24.00609375000039,24.00609375000039
96.46,103.37525806451639,6.915258064516394,6.915258064516394
364.38,327.93673678226236,-36.44326321773764,36.44326321773764
393.75,359.7091542288557,-34.04084577114429,34.04084577114429
231.39,207.02494505494516,-24.365054945054823,24.365054945054823
671.61,612.7175714285714,-58.89242857142858,58.89242857142858
827.04,781.9848087431695,-45.055191256830426,45.055191256830426
321.16,327.93673678226236,6.776736782262333,6.776736782262333
681.03,738.588116591928,57.55811659192807,57.55811659192807
384.28,327.93673678226236,-56.343263217737615,56.343263217737615
1015.78,1029.0572463768117,13.277246376811718,13.277246376811718
366.24,359.7091542288557,-6.5308457711443,6.5308457711443
239.72,228.09388601036278,-11.626113989637219,11.626113989637219
286.58,327.93673678226236,41.356736782262374,41.356736782262374
928.7,886.0993953488371,-42.60060465116294,42.60060465116294
257.86,213.12350515463913,-44.73649484536088,44.73649484536088
252.77,207.02494505494516,-45.74505494505485,45.74505494505485
1374.94,1427.7572549019608,52.81725490196072,52.81725490196072
236.18,228.09388601036278,-8.086113989637226,8.086113989637226
80.32,103.37525806451639,23.055258064516394,23.055258064516394
206.5,207.02494505494516,0.5249450549451637,0.5249450549451637
228.56,213.12350515463913,-15.436494845360869,15.436494845360869
575.99,515.8394273127752,-60.15057268722478,60.15057268722478
1313.64,1340.9816494845363,27.34164948453622,27.34164948453622
542.05,567.8016379310343,25.751637931034338,25.751637931034338
536.44,515.8394273127752,-20.600572687224826,20.600572687224826
315.93,327.93673678226236,12.006736782262351,12.006736782262351
335.69,359.7091542288557,24.01915422885571,24.01915422885571
524.82,494.9436023054754,-29.876397694524655,29.876397694524655
870.83,845.1543200000001,-25.675679999999943,25.675679999999943
350.27,327.93673678226236,-22.333263217737624,22.333263217737624
75.31,103.37525806451639,28.065258064516385,28.065258064516385
1214.33,1224.1342156862747,9.804215686274802,9.804215686274802
1195.47,1224.1342156862747,28.6642156862747,28.6642156862747
67.06,103.37525806451639,36.315258064516385,36.315258064516385
458.95,494.9436023054754,35.993602305475406,35.993602305475406
553.49,612.7175714285714,59.22757142857142,59.22757142857142
743.49,680.6578082191782,-62.83219178082186,62.83219178082186
416.14,444.9838309859156,28.843830985915588,28.843830985915588
324.96,327.93673678226236,2.9767367822623783,2.9767367822623783
149.78,103.37525806451639,-46.404741935483614,46.404741935483614
1151.14,1224.1342156862747,72.99421568627463,72.99421568627463
1352.12,1427.7572549019608,75.63725490196089,75.63725490196089
420.68,359.7091542288557,-60.9708457711443,60.9708457711443
673.67,781.9848087431695,108.31480874316958,108.31480874316958
931.92,1029.0572463768117,97.13724637681173,97.13724637681173
939.14,954.9433707865164,15.803370786516439,15.803370786516439
700.29,677.6855932203392,-22.604406779660735,22.604406779660735
333.02,327.93673678226236,-5.083263217737624,5.083263217737624
802.59,738.588116591928,-64.00188340807199,64.00188340807199
331.25,327.93673678226236,-3.313263217737642,3.313263217737642
266.69,213.12350515463913,-53.566494845360864,53.566494845360864
362.31,327.93673678226236,-34.373263217737644,34.373263217737644
504.3,515.8394273127752,11.539427312775217,11.539427312775217
215.72,150.52294372294378,-65.19705627705622,65.19705627705622
612.89,515.8394273127752,-97.05057268722476,97.05057268722476
358.72,409.72390624999963,51.0039062499996,51.0039062499996
235.02,207.02494505494516,-27.995054945054846,27.995054945054846
695.81,612.7175714285714,-83.09242857142851,83.09242857142851
206.17,228.09388601036278,21.923886010362793,21.923886010362793
458.91,494.9436023054754,36.03360230547537,36.03360230547537
228.44,103.37525806451639,-125.06474193548361,125.06474193548361
79.84,103.37525806451639,23.535258064516384,23.535258064516384
1018.25,1073.1964705882356,54.94647058823557,54.94647058823557
393.13,444.9838309859156,51.85383098591558,51.85383098591558
550.1,567.8016379310343,17.70163793103427,17.70163793103427
396.66,327.93673678226236,-68.72326321773767,68.72326321773767
660.51,612.7175714285714,-47.79242857142856,47.79242857142856
929.02,973.5841666666663,44.564166666666324,44.564166666666324
396.62,359.7091542288557,-36.910845771144295,36.910845771144295
97.18,150.52294372294378,53.34294372294377,53.34294372294377
282.65,359.7091542288557,77.05915422885573,77.05915422885573
325.6,409.72390624999963,84.1239062499996,84.1239062499996
605.66,677.6855932203392,72.02559322033926,72.02559322033926
261.9,228.09388601036278,-33.8061139896372,33.8061139896372
1419.63,1427.7572549019608,8.127254901960669,8.127254901960669
444.58,409.72390624999963,-34.856093750000355,34.856093750000355
330.48,327.93673678226236,-2.5432632177376604,2.5432632177376604
187.68,213.12350515463913,25.443505154639126,25.443505154639126
421.63,444.9838309859156,23.35383098591558,23.35383098591558
149.6,103.37525806451639,-46.22474193548361,46.22474193548361
241.15,207.02494505494516,-34.12505494505484,34.12505494505484
569.73,515.8394273127752,-53.89057268722479,53.89057268722479
966.31,886.0993953488371,-80.21060465116284,80.21060465116284
681.22,781.9848087431695,100.76480874316951,100.76480874316951
786.34,738.588116591928,-47.75188340807199,47.75188340807199
230.23,207.02494505494516,-23.205054945054826,23.205054945054826
538.51,515.8394273127752,-22.670572687224762,22.670572687224762
368.22,327.93673678226236,-40.28326321773767,40.28326321773767
310.82,327.93673678226236,17.116736782262365,17.116736782262365
410.83,409.72390624999963,-1.1060937500003547,1.1060937500003547
313.53,327.93673678226236,14.406736782262385,14.406736782262385
357.15,327.93673678226236,-29.21326321773762,29.21326321773762
372.58,409.72390624999963,37.143906249999645,37.143906249999645
796.59,781.9848087431695,-14.605191256830494,14.605191256830494
433.59,444.9838309859156,11.3938309859156,11.3938309859156
407.35,359.7091542288557,-47.64084577114431,47.64084577114431
343.59,327.93673678226236,-15.653263217737617,15.653263217737617
216.62,207.02494505494516,-9.59505494505484,9.59505494505484
373.16,359.7091542288557,-13.450845771144316,13.450845771144316
335.94,359.7091542288557,23.76915422885571,23.76915422885571
335.46,327.93673678226236,-7.523263217737622,7.523263217737622
241.92,207.02494505494516,-34.895054945054824,34.895054945054824
1013.19,1029.0572463768117,15.867246376811636,15.867246376811636
477.86,409.72390624999963,-68.13609375000038,68.13609375000038
349.64,359.7091542288557,10.069154228855723,10.069154228855723
375.08,327.93673678226236,-47.143263217737626,47.143263217737626
1058.99,1164.4222905027937,105.43229050279365,105.43229050279365
303.34,327.93673678226236,24.596736782262383,24.596736782262383
202.89,150.52294372294378,-52.36705627705621,52.36705627705621
570.24,567.8016379310343,-2.4383620689657164,2.4383620689657164
1028.05,973.5841666666663,-54.46583333333365,54.46583333333365
739.55,738.588116591928,-0.9618834080719125,0.9618834080719125
684.82,612.7175714285714,-72.10242857142862,72.10242857142862
1069.74,1029.0572463768117,-40.68275362318832,40.68275362318832
460.88,494.9436023054754,34.0636023054754,34.0636023054754
1202.59,1224.1342156862747,21.54421568627481,21.54421568627481
178.71,150.52294372294378,-28.18705627705623,28.18705627705623
972.92,973.5841666666663,0.6641666666663468,0.6641666666663468
853.29,886.0993953488371,32.80939534883714,32.80939534883714
1294.94,1224.1342156862747,-70.80578431372533,70.80578431372533
1121.99,1073.1964705882356,-48.79352941176444,48.79352941176444
392.49,409.72390624999963,17.23390624999962,17.23390624999962
960.1,973.5841666666663,13.484166666666283,13.484166666666283
348.35,409.72390624999963,61.37390624999961,61.37390624999961
315.95,327.93673678226236,11.98673678226237,11.98673678226237
433.03,327.93673678226236,-105.09326321773761,105.09326321773761
311.7,327.93673678226236,16.23673678226237,16.23673678226237
1446.09,1529.4646031746036,83.37460317460364,83.37460317460364
1167.49,1164.4222905027937,-3.0677094972063514,3.0677094972063514
201.14,207.02494505494516,5.884945054945177,5.884945054945177
188.83,207.02494505494516,18.19494505494515,18.19494505494515
760.86,738.588116591928,-22.27188340807197,22.27188340807197
161.35,150.52294372294378,-10.827056277056215,10.827056277056215
1023.55,1073.1964705882356,49.646470588235616,49.646470588235616
269.03,207.02494505494516,-62.00505494505481,62.00505494505481
410.35,494.9436023054754,84.59360230547537,84.59360230547537
818.11,886.0993953488371,67.98939534883709,67.98939534883709
310.9,327.93673678226236,17.03673678226238,17.03673678226238
655.69,612.7175714285714,-42.97242857142862,42.97242857142862
499.13,494.9436023054754,-4.186397694524601,4.186397694524601
1144.13,1164.4222905027937,20.29229050279355,20.29229050279355
263.29,239.16341379310356,-24.126586206896462,24.126586206896462
486.11,515.8394273127752,29.729427312775215,29.729427312775215
966.74,973.5841666666663,6.844166666666297,6.844166666666297
987.06,1029.0572463768117,41.997246376811745,41.997246376811745
340.36,327.93673678226236,-12.423263217737656,12.423263217737656
284.48,327.93673678226236,43.45673678226234,43.45673678226234
109.4,103.37525806451639,-6.024741935483618,6.024741935483618
168.65,150.52294372294378,-18.127056277056226,18.127056277056226
1225.58,1164.4222905027937,-61.15770949720627,61.15770949720627
805.8,845.1543200000001,39.35432000000014,39.35432000000014
272.44,327.93673678226236,55.49673678226236,55.49673678226236
885.61,886.0993953488371,0.48939534883709257,0.48939534883709257
345.09,327.93673678226236,-17.153263217737617,17.153263217737617
255.86,207.02494505494516,-48.83505494505485,48.83505494505485
860.42,738.588116591928,-121.83188340807192,121.83188340807192
660.08,612.7175714285714,-47.36242857142861,47.36242857142861
308.17,327.93673678226236,19.766736782262342,19.766736782262342
739.72,677.6855932203392,-62.0344067796608,62.0344067796608
255.96,228.09388601036278,-27.866113989637228,27.866113989637228
154.08,150.52294372294378,-3.5570562770562333,3.5570562770562333
1045.42,1029.0572463768117,-16.362753623188382,16.362753623188382
224.35,213.12350515463913,-11.226494845360861,11.226494845360861
1424.47,1427.7572549019608,3.2872549019607504,3.2872549019607504
1064.09,1073.1964705882356,9.106470588235652,9.106470588235652
263.36,239.16341379310356,-24.196586206896455,24.196586206896455
268.4,327.93673678226236,59.53673678226238,59.53673678226238
381.46,327.93673678226236,-53.52326321773762,53.52326321773762
621.67,677.6855932203392,56.01559322033927,56.01559322033927
668.52,738.588116591928,70.06811659192806,70.06811659192806
369.83,327.93673678226236,-41.893263217737626,41.893263217737626
293.75,327.93673678226236,34.18673678226236,34.18673678226236
1168.07,1164.4222905027937,-3.6477094972062787,3.6477094972062787
1546.74,1529.4646031746036,-17.275396825396456,17.275396825396456
328.73,327.93673678226236,-0.7932632177376604,0.7932632177376604
493.92,494.9436023054754,1.0236023054753787,1.0236023054753787
1012.03,973.5841666666663,-38.44583333333367,38.44583333333367
203.3,213.12350515463913,9.823505154639122,9.823505154639122
323.5,327.93673678226236,4.436736782262358,4.436736782262358
792.03,781.9848087431695,-10.045191256830435,10.045191256830435
157.93,327.93673678226236,170.00673678226235,170.00673678226235
121.64,150.52294372294378,28.88294372294378,28.88294372294378
326.38,444.9838309859156,118.60383098591558,118.60383098591558
105.72,150.52294372294378,44.80294372294378,44.80294372294378
134.21,207.02494505494516,72.81494505494516,72.81494505494516
358.02,327.93673678226236,-30.083263217737624,30.083263217737624
230.38,239.16341379310356,8.783413793103563,8.783413793103563
292.42,327.93673678226236,35.51673678226234,35.51673678226234
342.33,327.93673678226236,-14.393263217737626,14.393263217737626
273.23,327.93673678226236,54.70673678226234,54.70673678226234
148.83,207.02494505494516,58.19494505494515,58.19494505494515
250.14,207.02494505494516,-43.11505494505482,43.11505494505482
501.05,567.8016379310343,66.75163793103428,66.75163793103428
247.98,239.16341379310356,-8.816586206896432,8.816586206896432
337.49,327.93673678226236,-9.553263217737651,9.553263217737651
756.37,680.6578082191782,-75.71219178082185,75.71219178082185
435.95,494.9436023054754,58.993602305475406,58.993602305475406
383.74,327.93673678226236,-55.80326321773765,55.80326321773765
655.4,677.6855932203392,22.28559322033925,22.28559322033925
266.83,239.16341379310356,-27.666586206896426,27.666586206896426
552.7,567.8016379310343,15.101637931034247,15.101637931034247
341.2,327.93673678226236,-13.26326321773763,13.26326321773763
436.27,494.9436023054754,58.67360230547541,58.67360230547541
105.67,103.37525806451639,-2.2947419354836143,2.2947419354836143
313.75,359.7091542288557,45.95915422885571,45.95915422885571
432.77,409.72390624999963,-23.046093750000352,23.046093750000352
1055.07,1029.0572463768117,-26.012753623188246,26.012753623188246
161.3,143.82573248407644,-17.47426751592357,17.47426751592357
667.94,781.9848087431695,114.04480874316948,114.04480874316948
244.25,213.12350515463913,-31.126494845360867,31.126494845360867
246.42,239.16341379310356,-7.256586206896429,7.256586206896429
1193.42,1164.4222905027937,-28.997709497206415,28.997709497206415
179.89,150.52294372294378,-29.367056277056207,29.367056277056207
189.69,150.52294372294378,-39.16705627705622,39.16705627705622
470.9,444.9838309859156,-25.916169014084403,25.916169014084403
778.13,781.9848087431695,3.854808743169542,3.854808743169542
830.37,845.1543200000001,14.784320000000093,14.784320000000093
366.49,327.93673678226236,-38.55326321773765,38.55326321773765
631.57,680.6578082191782,49.0878082191781,49.0878082191781
331.17,327.93673678226236,-3.233263217737658,3.233263217737658
902.54,973.5841666666663,71.04416666666634,71.04416666666634
254.78,207.02494505494516,-47.75505494505484,47.75505494505484
240.88,213.12350515463913,-27.756494845360862,27.756494845360862
341.86,327.93673678226236,-13.923263217737656,13.923263217737656
966.91,973.5841666666663,6.674166666666338,6.674166666666338
567.87,612.7175714285714,44.84757142857143,44.84757142857143
476.91,409.72390624999963,-67.1860937500004,67.1860937500004
273.11,327.93673678226236,54.826736782262344,54.826736782262344
515.05,494.9436023054754,-20.10639769452456,20.10639769452456
277.03,359.7091542288557,82.67915422885574,82.67915422885574
188.69,213.12350515463913,24.433505154639136,24.433505154639136
650.51,612.7175714285714,-37.79242857142856,37.79242857142856
436.33,409.72390624999963,-26.606093750000355,26.606093750000355
414.86,444.9838309859156,30.12383098591556,30.12383098591556
1131.78,1224.1342156862747,92.35421568627476,92.35421568627476
336.23,327.93673678226236,-8.29326321773766,8.29326321773766
247.24,207.02494505494516,-40.215054945054845,40.215054945054845
960.64,973.5841666666663,12.94416666666632,12.94416666666632
579.08,567.8016379310343,-11.278362068965748,11.278362068965748
473.53,409.72390624999963,-63.80609375000034,63.80609375000034
355.85,327.93673678226236,-27.913263217737665,27.913263217737665
564.45,567.8016379310343,3.3516379310342472,3.3516379310342472
703.44,781.9848087431695,78.54480874316948,78.54480874316948
1006.84,954.9433707865164,-51.89662921348361,51.89662921348361
327.02,327.93673678226236,0.916736782262376,0.916736782262376
654.99,680.6578082191782,25.66780821917814,25.66780821917814
832.97,886.0993953488371,53.12939534883708,53.12939534883708
315.4,327.93673678226236,12.53673678226238,12.53673678226238
596.19,612.7175714285714,16.527571428571378,16.527571428571378
405.86,327.93673678226236,-77.92326321773766,77.92326321773766
356.83,327.93673678226236,-28.893263217737626,28.893263217737626
840.6,886.0993953488371,45.49939534883708,45.49939534883708
706.56,677.6855932203392,-28.874406779660717,28.874406779660717
965.41,954.9433707865164,-10.466629213483543,10.466629213483543
502.89,494.9436023054754,-7.946397694524592,7.946397694524592
257.42,228.09388601036278,-29.326113989637236,29.326113989637236
680.55,677.6855932203392,-2.864406779660726,2.864406779660726
635.66,680.6578082191782,44.99780821917818,44.99780821917818
830.64,738.588116591928,-92.05188340807194,92.05188340807194
242.49,239.16341379310356,-3.326586206896451,3.326586206896451
934.46,886.0993953488371,-48.36060465116293,48.36060465116293
769.82,677.6855932203392,-92.13440677966082,92.13440677966082
1047.38,1029.0572463768117,-18.32275362318842,18.32275362318842
1618.29,1529.4646031746036,-88.82539682539641,88.82539682539641
692.54,612.7175714285714,-79.82242857142853,79.82242857142853
456.7,494.9436023054754,38.243602305475406,38.243602305475406
321.1,327.93673678226236,6.836736782262335,6.836736782262335
946.69,954.9433707865164,8.25337078651637,8.25337078651637
231.9,207.02494505494516,-24.875054945054842,24.875054945054842
348.56,327.93673678226236,-20.623263217737644,20.623263217737644
426.63,409.72390624999963,-16.906093750000366,16.906093750000366
294.62,327.93673678226236,33.31673678226235,33.31673678226235
345.77,327.93673678226236,-17.833263217737624,17.833263217737624
235.46,213.12350515463913,-22.336494845360875,22.336494845360875
552.79,444.9838309859156,-107.80616901408439,107.80616901408439
343.2,359.7091542288557,16.50915422885572,16.50915422885572
210.77,103.37525806451639,-107.39474193548362,107.39474193548362
270.37,327.93673678226236,57.56673678226235,57.56673678226235
635.88,612.7175714285714,-23.162428571428563,23.162428571428563
1190.51,1224.1342156862747,33.62421568627474,33.62421568627474
403.31,409.72390624999963,6.413906249999627,6.413906249999627
315.16,327.93673678226236,12.776736782262333,12.776736782262333
540.56,515.8394273127752,-24.720572687224717,24.720572687224717
167.12,213.12350515463913,46.00350515463913,46.00350515463913
124.83,103.37525806451639,-21.45474193548361,21.45474193548361
531.79,567.8016379310343,36.01163793103433,36.01163793103433
1217.88,1164.4222905027937,-53.45770949720645,53.45770949720645
475.64,444.9838309859156,-30.656169014084412,30.656169014084412
333.11,327.93673678226236,-5.173263217737656,5.173263217737656
724.14,680.6578082191782,-43.482191780821836,43.482191780821836
357.0,327.93673678226236,-29.063263217737642,29.063263217737642
225.97,239.16341379310356,13.19341379310356,13.19341379310356
773.21,781.9848087431695,8.774808743169501,8.774808743169501
1213.9,1224.1342156862747,10.234215686274638,10.234215686274638
98.74,103.37525806451639,4.6352580645163926,4.6352580645163926
364.46,494.9436023054754,130.48360230547542,130.48360230547542
831.66,781.9848087431695,-49.67519125683043,49.67519125683043
547.83,515.8394273127752,-31.990572687224812,31.990572687224812
244.93,213.12350515463913,-31.806494845360874,31.806494845360874
306.3,327.93673678226236,21.636736782262346,21.636736782262346
451.34,444.9838309859156,-6.356169014084401,6.356169014084401
445.19,444.9838309859156,-0.20616901408442345,0.20616901408442345
488.51,494.9436023054754,6.433602305475404,6.433602305475404
519.53,515.8394273127752,-3.690572687224744,3.690572687224744
226.4,207.02494505494516,-19.375054945054842,19.375054945054842
288.41,207.02494505494516,-81.38505494505486,81.38505494505486
1000.96,954.9433707865164,-46.01662921348361,46.01662921348361
141.41,103.37525806451639,-38.03474193548361,38.03474193548361
237.74,207.02494505494516,-30.715054945054845,30.715054945054845
129.66,150.52294372294378,20.862943722943783,20.862943722943783
187.89,228.09388601036278,40.203886010362794,40.203886010362794
1398.4,1291.8594845360826,-106.54051546391747,106.54051546391747
274.73,327.93673678226236,53.20673678226234,53.20673678226234
257.77,207.02494505494516,-50.74505494505482,50.74505494505482
137.88,150.52294372294378,12.642943722943784,12.642943722943784
1289.2,1340.9816494845363,51.781649484536274,51.781649484536274
473.65,494.9436023054754,21.293602305475417,21.293602305475417
1033.58,1029.0572463768117,-4.522753623188237,4.522753623188237
389.74,327.93673678226236,-61.80326321773765,61.80326321773765
111.26,103.37525806451639,-7.884741935483618,7.884741935483618
180.36,327.93673678226236,147.57673678226234,147.57673678226234
1130.4,1164.4222905027937,34.02229050279357,34.02229050279357
987.82,973.5841666666663,-14.235833333333744,14.235833333333744
392.12,444.9838309859156,52.86383098591557,52.86383098591557
768.95,738.588116591928,-30.361883408072003,30.361883408072003
1598.2,1529.4646031746036,-68.73539682539649,68.73539682539649
373.84,327.93673678226236,-45.90326321773762,45.90326321773762
542.01,567.8016379310343,25.791637931034302,25.791637931034302
478.53,494.9436023054754,16.413602305475422,16.413602305475422
1549.1,1529.4646031746036,-19.635396825396356,19.635396825396356
637.73,677.6855932203392,39.95559322033921,39.95559322033921
1009.45,1073.1964705882356,63.746470588235525,63.746470588235525
990.65,1029.0572463768117,38.40724637681171,38.40724637681171
889.73,886.0993953488371,-3.630604651162912,3.630604651162912
560.21,567.8016379310343,7.591637931034256,7.591637931034256
295.47,327.93673678226236,32.46673678226233,32.46673678226233
1126.94,1164.4222905027937,37.4822905027936,37.4822905027936
220.99,213.12350515463913,-7.866494845360876,7.866494845360876
849.72,845.1543200000001,-4.565679999999929,4.565679999999929
530.65,515.8394273127752,-14.810572687224749,14.810572687224749
789.89,738.588116591928,-51.301883408071944,51.301883408071944
383.96,327.93673678226236,-56.02326321773762,56.02326321773762
487.1,444.9838309859156,-42.11616901408445,42.11616901408445
426.47,494.9436023054754,68.47360230547537,68.47360230547537
669.67,738.588116591928,68.91811659192808,68.91811659192808
273.69,327.93673678226236,54.24673678226236,54.24673678226236
1232.02,1224.1342156862747,-7.885784313725253,7.885784313725253
342.69,327.93673678226236,-14.75326321773764,14.75326321773764
223.35,207.02494505494516,-16.32505494505483,16.32505494505483
664.26,738.588116591928,74.32811659192805,74.32811659192805
149.1,103.37525806451639,-45.72474193548361,45.72474193548361
387.26,409.72390624999963,22.46390624999964,22.46390624999964
198.46,143.82573248407644,-54.63426751592357,54.63426751592357
618.42,677.6855932203392,59.26559322033927,59.26559322033927
974.97,954.9433707865164,-20.026629213483602,20.026629213483602
473.59,494.9436023054754,21.35360230547542,21.35360230547542
765.32,738.588116591928,-26.731883408072008,26.731883408072008
413.78,409.72390624999963,-4.056093750000343,4.056093750000343
376.65,327.93673678226236,-48.71326321773762,48.71326321773762
401.35,494.9436023054754,93.59360230547537,93.59360230547537
285.61,207.02494505494516,-78.58505494505485,78.58505494505485
178.72,327.93673678226236,149.21673678226236,149.21673678226236
448.44,444.9838309859156,-3.4561690140844235,3.4561690140844235
1007.54,973.5841666666663,-33.95583333333366,33.95583333333366
480.41,494.9436023054754,14.53360230547537,14.53360230547537
219.18,239.16341379310356,19.98341379310355,19.98341379310355
214.4,207.02494505494516,-7.375054945054842,7.375054945054842
351.77,327.93673678226236,-23.833263217737624,23.833263217737624
912.5,845.1543200000001,-67.3456799999999,67.3456799999999
1320.38,1291.8594845360826,-28.52051546391749,28.52051546391749
580.14,567.8016379310343,-12.338362068965694,12.338362068965694
118.49,150.52294372294378,32.032943722943784,32.032943722943784
1195.51,1164.4222905027937,-31.087709497206333,31.087709497206333
483.19,567.8016379310343,84.6116379310343,84.6116379310343
528.8,515.8394273127752,-12.960572687224726,12.960572687224726
169.91,143.82573248407644,-26.084267515923557,26.084267515923557
257.16,239.16341379310356,-17.996586206896467,17.996586206896467
525.21,444.9838309859156,-80.22616901408446,80.22616901408446
227.16,213.12350515463913,-14.036494845360863,14.036494845360863
967.34,1029.0572463768117,61.71724637681166,61.71724637681166
857.27,781.9848087431695,-75.28519125683044,75.28519125683044
526.02,444.9838309859156,-81.03616901408441,81.03616901408441
1302.77,1291.8594845360826,-10.910515463917363,10.910515463917363
944.76,886.0993953488371,-58.660604651162885,58.660604651162885
327.35,327.93673678226236,0.586736782262335,0.586736782262335
1154.82,1164.4222905027937,9.602290502793721,9.602290502793721
389.75,409.72390624999963,19.97390624999963,19.97390624999963
350.21,327.93673678226236,-22.27326321773762,22.27326321773762
894.07,845.1543200000001,-48.91567999999995,48.91567999999995
332.38,327.93673678226236,-4.443263217737638,4.443263217737638
1244.11,1291.8594845360826,47.74948453608272,47.74948453608272
206.93,213.12350515463913,6.193505154639126,6.193505154639126
446.17,409.72390624999963,-36.44609375000039,36.44609375000039
680.81,612.7175714285714,-68.09242857142851,68.09242857142851
357.94,327.93673678226236,-30.00326321773764,30.00326321773764
102.13,207.02494505494516,104.89494505494517,104.89494505494517
1346.04,1340.9816494845363,-5.058350515463644,5.058350515463644
328.38,327.93673678226236,-0.44326321773763766,0.44326321773763766
324.26,327.93673678226236,3.676736782262367,3.676736782262367
703.71,612.7175714285714,-90.9924285714286,90.9924285714286
648.95,612.7175714285714,-36.23242857142861,36.23242857142861
356.61,359.7091542288557,3.0991542288556957,3.0991542288556957
378.51,327.93673678226236,-50.57326321773763,50.57326321773763
1414.84,1340.9816494845363,-73.8583505154636,73.8583505154636
324.56,327.93673678226236,3.3767367822623555,3.3767367822623555
179.81,103.37525806451639,-76.43474193548361,76.43474193548361
354.53,327.93673678226236,-26.593263217737615,26.593263217737615
182.61,327.93673678226236,145.32673678226234,145.32673678226234
503.52,567.8016379310343,64.28163793103431,64.28163793103431
975.4,886.0993953488371,-89.30060465116287,89.30060465116287
857.84,845.1543200000001,-12.685679999999934,12.685679999999934
246.61,327.93673678226236,81.32673678226234,81.32673678226234
555.86,515.8394273127752,-40.020572687224785,40.020572687224785
361.48,444.9838309859156,83.50383098591556,83.50383098591556
581.33,567.8016379310343,-13.528362068965748,13.528362068965748
409.84,444.9838309859156,35.1438309859156,35.1438309859156
368.45,327.93673678226236,-40.51326321773763,40.51326321773763
359.09,409.72390624999963,50.633906249999654,50.633906249999654
852.51,886.0993953488371,33.589395348837115,33.589395348837115
491.53,515.8394273127752,24.309427312775256,24.309427312775256
256.24,359.7091542288557,103.4691542288557,103.4691542288557
378.66,327.93673678226236,-50.72326321773767,50.72326321773767
745.84,738.588116591928,-7.25188340807199,7.25188340807199
469.6,494.9436023054754,25.343602305475372,25.343602305475372
330.35,327.93673678226236,-2.413263217737665,2.413263217737665
944.82,886.0993953488371,-58.720604651162944,58.720604651162944
252.83,228.09388601036278,-24.736113989637232,24.736113989637232
404.96,359.7091542288557,-45.25084577114427,45.25084577114427
67.06,103.37525806451639,36.315258064516385,36.315258064516385
286.95,327.93673678226236,40.98673678226237,40.98673678226237
1581.63,1529.4646031746036,-52.165396825396556,52.165396825396556
537.33,567.8016379310343,30.471637931034252,30.471637931034252
352.95,327.93673678226236,-25.01326321773763,25.01326321773763
100.69,103.37525806451639,2.6852580645163897,2.6852580645163897
578.81,567.8016379310343,-11.008362068965653,11.008362068965653
441.76,494.9436023054754,53.183602305475404,53.183602305475404
493.46,444.9838309859156,-48.476169014084405,48.476169014084405
469.04,494.9436023054754,25.903602305475374,25.903602305475374
277.93,327.93673678226236,50.00673678226235,50.00673678226235
85.31,103.37525806451639,18.065258064516385,18.065258064516385
392.19,327.93673678226236,-64.25326321773764,64.25326321773764
356.8,327.93673678226236,-28.863263217737654,28.863263217737654
703.81,738.588116591928,34.7781165919281,34.7781165919281
1050.68,1029.0572463768117,-21.622753623188373,21.622753623188373
459.52,494.9436023054754,35.42360230547541,35.42360230547541
418.05,444.9838309859156,26.933830985915563,26.933830985915563
186.63,207.02494505494516,20.39494505494517,20.39494505494517
243.58,327.93673678226236,84.35673678226235,84.35673678226235
503.36,444.9838309859156,-58.37616901408444,58.37616901408444
301.53,327.93673678226236,26.406736782262385,26.406736782262385
655.26,677.6855932203392,22.425593220339238,22.425593220339238
1209.48,1164.4222905027937,-45.05770949720636,45.05770949720636
592.46,612.7175714285714,20.257571428571396,20.257571428571396
251.33,239.16341379310356,-12.166586206896454,12.166586206896454
477.43,444.9838309859156,-32.44616901408443,32.44616901408443
946.92,886.0993953488371,-60.82060465116285,60.82060465116285
318.03,327.93673678226236,9.906736782262385,9.906736782262385
662.07,612.7175714285714,-49.35242857142862,49.35242857142862
67.06,150.52294372294378,83.46294372294378,83.46294372294378
641.5,612.7175714285714,-28.782428571428568,28.782428571428568
129.14,143.82573248407644,14.685732484076453,14.685732484076453
485.19,494.9436023054754,9.753602305475397,9.753602305475397
303.7,327.93673678226236,24.23673678226237,24.23673678226237
545.23,494.9436023054754,-50.286397694524624,50.286397694524624
819.39,886.0993953488371,66.70939534883712,66.70939534883712
349.29,327.93673678226236,-21.353263217737663,21.353263217737663
367.93,409.72390624999963,41.79390624999962,41.79390624999962
241.94,228.09388601036278,-13.846113989637217,13.846113989637217
263.36,239.16341379310356,-24.196586206896455,24.196586206896455
203.88,207.02494505494516,3.1449450549451683,3.1449450549451683
256.78,239.16341379310356,-17.616586206896415,17.616586206896415
864.42,886.0993953488371,21.679395348837147,21.679395348837147
1380.37,1340.9816494845363,-39.38835051546357,39.38835051546357
971.77,1029.0572463768117,57.28724637681171,57.28724637681171
76.67,103.37525806451639,26.705258064516386,26.705258064516386
402.65,327.93673678226236,-74.71326321773762,74.71326321773762
684.87,567.8016379310343,-117.06836206896571,117.06836206896571
325.51,327.93673678226236,2.426736782262367,2.426736782262367
490.77,494.9436023054754,4.173602305475413,4.173602305475413
500.06,444.9838309859156,-55.07616901408443,55.07616901408443
856.63,886.0993953488371,29.46939534883711,29.46939534883711
281.36,327.93673678226236,46.576736782262344,46.576736782262344
643.13,680.6578082191782,37.527808219178155,37.527808219178155
333.96,327.93673678226236,-6.023263217737622,6.023263217737622
336.39,327.93673678226236,-8.453263217737629,8.453263217737629
211.27,150.52294372294378,-60.74705627705623,60.74705627705623
209.58,239.16341379310356,29.583413793103546,29.583413793103546
205.13,150.52294372294378,-54.607056277056216,54.607056277056216
359.36,327.93673678226236,-31.423263217737656,31.423263217737656
164.55,143.82573248407644,-20.72426751592357,20.72426751592357
147.74,228.09388601036278,80.35388601036277,80.35388601036277
673.68,612.7175714285714,-60.96242857142852,60.96242857142852
371.77,327.93673678226236,-43.833263217737624,43.833263217737624
236.59,213.12350515463913,-23.46649484536087,23.46649484536087
408.93,444.9838309859156,36.05383098591557,36.05383098591557
247.88,213.12350515463913,-34.75649484536086,34.75649484536086
170.3,207.02494505494516,36.72494505494515,36.72494505494515
820.07,845.1543200000001,25.084320000000048,25.084320000000048
360.61,359.7091542288557,-0.9008457711443043,0.9008457711443043
632.14,680.6578082191782,48.517808219178164,48.517808219178164
135.54,207.02494505494516,71.48494505494517,71.48494505494517
225.85,213.12350515463913,-12.726494845360861,12.726494845360861
320.65,327.93673678226236,7.2867367822623805,7.2867367822623805
694.83,781.9848087431695,87.1548087431695,87.1548087431695
974.06,954.9433707865164,-19.11662921348352,19.11662921348352
1850.2,1731.3535714285713,-118.84642857142876,118.84642857142876
224.64,207.02494505494516,-17.615054945054823,17.615054945054823
536.65,567.8016379310343,31.151637931034315,31.151637931034315
67.06,150.52294372294378,83.46294372294378,83.46294372294378
299.95,327.93673678226236,27.98673678226237,27.98673678226237
255.82,207.02494505494516,-48.79505494505483,48.79505494505483
734.45,738.588116591928,4.1381165919279965,4.1381165919279965
84.24,103.37525806451639,19.135258064516393,19.135258064516393
469.83,444.9838309859156,-24.84616901408441,24.84616901408441
1008.69,1029.0572463768117,20.367246376811636,20.367246376811636
67.06,103.37525806451639,36.315258064516385,36.315258064516385
549.32,494.9436023054754,-54.376397694524655,54.376397694524655
508.79,515.8394273127752,7.049427312775208,7.049427312775208
458.0,444.9838309859156,-13.016169014084426,13.016169014084426
1386.01,1427.7572549019608,41.74725490196079,41.74725490196079
214.1,207.02494505494516,-7.075054945054831,7.075054945054831
333.84,327.93673678226236,-5.903263217737617,5.903263217737617
493.5,494.9436023054754,1.4436023054753946,1.4436023054753946
1237.42,1291.8594845360826,54.439484536082546,54.439484536082546
474.11,359.7091542288557,-114.4008457711443,114.4008457711443
571.5,494.9436023054754,-76.5563976945246,76.5563976945246
656.1,677.6855932203392,21.585593220339206,21.585593220339206
150.56,150.52294372294378,-0.03705627705622305,0.03705627705622305
1222.51,1224.1342156862747,1.624215686274738,1.624215686274738
1140.86,1164.4222905027937,23.562290502793758,23.562290502793758
575.85,612.7175714285714,36.86757142857141,36.86757142857141
376.42,409.72390624999963,33.30390624999961,33.30390624999961
434.12,444.9838309859156,10.86383098591557,10.86383098591557
148.91,207.02494505494516,58.11494505494517,58.11494505494517
185.75,228.09388601036278,42.34388601036278,42.34388601036278
966.83,1029.0572463768117,62.22724637681165,62.22724637681165
681.27,677.6855932203392,-3.5844067796607533,3.5844067796607533
416.52,444.9838309859156,28.463830985915592,28.463830985915592
715.46,738.588116591928,23.128116591928006,23.128116591928006
1089.73,1073.1964705882356,-16.533529411764448,16.533529411764448
313.83,327.93673678226236,14.106736782262374,14.106736782262374
200.41,150.52294372294378,-49.88705627705622,49.88705627705622
412.68,444.9838309859156,32.30383098591557,32.30383098591557
1254.71,1224.1342156862747,-30.575784313725308,30.575784313725308
1095.49,1164.4222905027937,68.93229050279365,68.93229050279365
681.29,677.6855932203392,-3.604406779660735,3.604406779660735
1264.23,1164.4222905027937,-99.80770949720636,99.80770949720636
1202.15,1164.4222905027937,-37.72770949720643,37.72770949720643
453.09,409.72390624999963,-43.366093750000346,43.366093750000346
780.04,738.588116591928,-41.45188340807192,41.45188340807192
821.5,886.0993953488371,64.5993953488371,64.5993953488371
302.86,327.93673678226236,25.076736782262344,25.076736782262344
939.83,886.0993953488371,-53.730604651162935,53.730604651162935
312.04,327.93673678226236,15.896736782262337,15.896736782262337
126.75,143.82573248407644,17.07573248407644,17.07573248407644
1462.28,1427.7572549019608,-34.522745098039195,34.522745098039195
610.02,567.8016379310343,-42.21836206896569,42.21836206896569
1156.13,1029.0572463768117,-127.07275362318842,127.07275362318842
722.8,738.588116591928,15.788116591928087,15.788116591928087
890.68,886.0993953488371,-4.580604651162844,4.580604651162844
1050.32,1029.0572463768117,-21.262753623188246,21.262753623188246
987.0,1029.0572463768117,42.05724637681169,42.05724637681169
67.06,103.37525806451639,36.315258064516385,36.315258064516385
637.15,677.6855932203392,40.53559322033925,40.53559322033925
232.14,207.02494505494516,-25.115054945054823,25.115054945054823
426.54,444.9838309859156,18.443830985915554,18.443830985915554
573.23,612.7175714285714,39.487571428571414,39.487571428571414
449.06,494.9436023054754,45.88360230547539,45.88360230547539
348.38,327.93673678226236,-20.443263217737638,20.443263217737638
224.17,207.02494505494516,-17.145054945054824,17.145054945054824
359.55,327.93673678226236,-31.613263217737654,31.613263217737654
457.01,515.8394273127752,58.82942731277524,58.82942731277524
189.17,228.09388601036278,38.92388601036279,38.92388601036279
427.32,409.72390624999963,-17.596093750000364,17.596093750000364
102.92,150.52294372294378,47.60294372294378,47.60294372294378
918.98,973.5841666666663,54.60416666666629,54.60416666666629
98.41,150.52294372294378,52.11294372294378,52.11294372294378
1109.8,1073.1964705882356,-36.603529411764384,36.603529411764384
261.08,207.02494505494516,-54.05505494505482,54.05505494505482
498.33,409.72390624999963,-88.60609375000035,88.60609375000035
223.07,207.02494505494516,-16.04505494505483,16.04505494505483
257.34,239.16341379310356,-18.176586206896417,18.176586206896417
232.42,213.12350515463913,-19.296494845360854,19.296494845360854
396.55,327.93673678226236,-68.61326321773765,68.61326321773765
644.73,677.6855932203392,32.95559322033921,32.95559322033921
298.08,327.93673678226236,29.856736782262374,29.856736782262374
1345.4,1340.9816494845363,-4.418350515463771,4.418350515463771
260.06,239.16341379310356,-20.896586206896444,20.896586206896444
210.57,213.12350515463913,2.55350515463914,2.55350515463914
242.77,239.16341379310356,-3.606586206896452,3.606586206896452
761.09,738.588116591928,-22.50188340807199,22.50188340807199
199.04,213.12350515463913,14.083505154639141,14.083505154639141
367.72,409.72390624999963,42.0039062499996,42.0039062499996
460.7,494.9436023054754,34.243602305475406,34.243602305475406
501.55,494.9436023054754,-6.606397694524617,6.606397694524617
1039.04,1164.4222905027937,125.3822905027937,125.3822905027937
180.92,207.02494505494516,26.104945054945176,26.104945054945176
404.86,444.9838309859156,40.12383098591556,40.12383098591556
358.74,327.93673678226236,-30.80326321773765,30.80326321773765
878.42,886.0993953488371,7.679395348837147,7.679395348837147
254.75,239.16341379310356,-15.586586206896442,15.586586206896442
